TestCaseNo,Feature,Type,Action,SubAction,Time1,Time2,Name,Title,Body,Description,Keywords,Comments,Author,SharedWithUsers,DatePictureTaken,Copyright,linkToVideo,ReportCategory,ReportStatus,PageName,PageTitle,Location,Layout,StatusIndicator,UDCPurpose,ConnectionType,FileName,FileType,ContentType,ContentSubtype,ActionType,ResourceName,ResourceURL,ParentIdentifier,TestScenario,Execute
TCO365SP609,Libraries,Form library,Upload Document,,1456294033000,,Hydrangeas.jpg,,,,,,,,,,,,,,,,,,,,Hydrangeas.jpg,jpg,Form Library,File,Created,Form Library,Libraries/Form Library,,Upload File in Form Library,Yes
TCO365SP550,Libraries,Document library,New File Creation,Word document,1456394910000,,Document Name TCO365SP550.docx,Document Title,,,,,,,,,,,,,,,,,,,Document Name TCO365SP550.docx,docx,File - All Other,File,Updated,Document Library,Libraries/Document Library,,Create Word File in Document Library,Yes
TCO365SP551,Libraries,Document library,New File Creation,Excel Sheet,1456395773000,,Name TCO365SP551.xlsx,Excel Sheet Title TCO365SP551,,,,,,,,,,,,,,,,,,,Name TCO365SP551.xlsx,xlsx,File - All Other,File,Updated,Document Library,Libraries/Document Library,,Create Excel File in Document Library,Yes
TCO365SP552,Libraries,Document library,New File Creation,Power Point Presentation,1456396167000,,Name TCO365SP552.pptx,Automation Presentation Title,,,,,,,,,,,,,,,,,,,Name TCO365SP552.pptx,pptx,File - All Other,File,Updated,Document Library,Libraries/Document Library,,Create Power Point File in Document Library,Yes
TCO365SP553,Libraries,Document library,New File Creation,One Note Notebook,1456396534000,,Untitled Section.one,Untitled Section.one,,,,,,,,,,,,,,,,,,,Untitled Section.one,one,File - All Other,File,Updated,Document Library,Libraries/Document Library,,Create One Note File in Document Library,Yes
TCO365SP554,Libraries,Document library,New File Creation,Excel Survey Sheet,1456396657000,,Name TCO365SP554 Excel Survey.xlsx,Name TCO365SP554 Excel Survey.xlsx,,,,,,,,,,,,,,,,,,,Name TCO365SP554 Excel Survey.xlsx,xlsx,File - All Other,File,Updated,Document Library,Libraries/Document Library,,Create Excel Survey File in Document Library,Yes
TCO365SP555,Libraries,Document library,New File Creation,New Folder,1456397042000,,,,,,,,,,,,,,,,,,,,,,,,Folder,,Created,Document Library,Libraries/Document Library,,Create New Folder in Document Library,Yes
TCO365SP556,Libraries,Document library,Upload Document,,1456397893000,,Koala.jpg,,,,,,,,,,,,,,,,,,,,Koala.jpg,jpg,File - All Other,File,Created,Document Library,Libraries/Document Library,,Upload Image File in Document Library,Yes
TCO365SP558,Libraries,Document library,Upload Document,File Name,1456403919000,,FileName as Special Char !@$&()_+.docx,,,,,,,,,,,,,,,,,,,,FileName as Special Char !@$&()_+.docx,docx,File - All Other,File,Updated,Document Library,Libraries/Document Library,,Upload File with Special Char FileName in Document Library,Yes
TCO365SP559,Libraries,Document library,Upload Document,File Name,1456405061000,,FileName Alpha Numeric 122345050676889.docx,,,,,,,,,,,,,,,,,,,,FileName Alpha Numeric 122345050676889.docx,docx,File - All Other,File,Updated,Document Library,Libraries/Document Library,,Upload File with Alpha Numberic Char FileName in Document Library,Yes
TCO365SP561,Libraries,Document library,Upload Document,File Name,1456404073000,,FileName long11111111111111111111111111111111111111111111111111111111111111111222222222222222222222222222222222222222222222222222222222223333333333333333444444444444444444444444444444444444444444444444444444444444444444444444555.docx,,,,,,,,,,,,,,,,,,,,FileName long11111111111111111111111111111111111111111111111111111111111111111222222222222222222222222222222222222222222222222222222222223333333333333333444444444444444444444444444444444444444444444444444444444444444444444444555.docx,docx,File - All Other,File,Updated,Document Library,Libraries/Document Library,,Upload File with max length Char of FileName in Document Library,Yes
TCO365SP562,Libraries,Document library,Upload Document,File Size,1456470765000,,Image_LT_32kb.jpg,,,,,,,,,,,,,,,,,,,,Image_LT_32kb.jpg,jpg,File - All Other,File,Created,Document Library,Libraries/Document Library,,Upload File Size < 32 KB in Document Library,Yes
TCO365SP564,Libraries,Document library,Upload Document,File Size,1456405320000,,Image_GT_32kb.jpg,,,,,,,,,,,,,,,,,,,,Image_GT_32kb.jpg,jpg,File - All Other,File,Created,Document Library,Libraries/Document Library,,Upload File Size > 32 KB in Document Library,Yes
TCO365SP565,Libraries,Document library,Edit document online,Word document,1456471456000,,Name-TCO365SP565.docx,Name-TCO365SP565.docx,,,,,,,,,,,,,,,,,,,Name-TCO365SP565.docx,docx,File - All Other,File,Updated,Document Library,Libraries/Document Library,,Updated Word File Online in Document Library,Yes
TCO365SP566,Libraries,Document library,Edit document online,Excel Sheet,1456472140000,,Name- TCO365SP566.xlsx,Name- TCO365SP566.xlsx,,,,,,,,,,,,,,,,,,,Name- TCO365SP566.xlsx,xlsx,File - All Other,File,Updated,Document Library,Libraries/Document Library,,Updated Excel sheet Online in Document Library,Yes
TCO365SP567,Libraries,Document library,Edit document online,Power Point,1456475612000,,Name-TCO365SP567.pptx,Automation Title Edited,,,,,,,,,,,,,,,,,,,Name-TCO365SP567.pptx,pptx,File - All Other,File,Updated,Document Library,Libraries/Document Library,,Updated Power Point Online in Document Library,Yes
TCO365SP568,Libraries,Document library,Edit document online,One Note,1456477240000,,Untitled Section.one,Untitled Section.one,,,,,,,,,,,,,,,,,,,Untitled Section.one,one,File - All Other,File,Updated,Document Library,Libraries/Document Library,,Updated One Note Online in Document Library,Yes
TCO365SP569,Libraries,Document library,Edit document online,Excel Survey,1456479245000,,Test Excel Survey Edited.xlsx,Test Excel Survey Edited.xlsx,,,,,,,,,,,,,,,,,,,Test Excel Survey Edited.xlsx,xlsx,File - All Other,File,Updated,Document Library,Libraries/Document Library,,Updated Excel Survey Online in Document Library,Yes
TCO365SP570,Libraries,Document library,Edit Properties,Name,1456479703000,,Koala Edited Name1.jpg,Automation Title1,,,,,,,,,,,,,,,,,,,Koala Edited Name1.jpg,jpg,File - All Other,File,Updated,Document Library,Libraries/Document Library,,Upload Image And Edited Name From Properties in Document Library,Yes
TCO365SP571,Libraries,Document library,Edit Properties,Title,1456480425000,,Desert.jpg,Automation Title Edited,,,,,,,,,,,,,,,,,,,Desert.jpg,jpg,File - All Other,File,Updated,Document Library,Libraries/Document Library,,Upload Image And Edited Title From Properties in Document Library,Yes
TCO365SP625,Libraries,Picture Library,New File Creation,,1466504453000,,Jellyfish.jpg,Jellyfish.jpg,,,,,,,,,,,,,,,,,,,Jellyfish.jpg,jpg,File - Picture,File,Created,Picture Library,Libraries/Picture Library,,Create New File in Picture Library,Yes
TCO365SP626,Libraries,Picture Library,Upload File,,1456481190000,,Chrysanthemum.jpg,Chrysanthemum.jpg,,,,,,,,,,,,,,,,,,,Chrysanthemum.jpg,jpg,File - Picture,File,Created,Picture Library,Libraries/Picture Library,,Upload New File in Picture Library,Yes
TCO365SP627,Libraries,Picture Library,Upload File,,1456491199000,,Test All Fields.jpg,Test All Fields.jpg,,,,,,,,,,,,,,,,,,,Test All Fields.jpg,jpg,File - Picture,File,Updated,Picture Library,Libraries/Picture Library,,Upload New File with All Fields in Picture Library,Yes
TCO365SP628,Libraries,Picture Library,Upload File,,1456481697000,,Only Mandatory Fields.jpg,,,,,,,,,,,,,,,,,,,,Only Mandatory Fields.jpg,jpg,File - Picture,File,Updated,Picture Library,Libraries/Picture Library,,Upload New File with Mandatory Fields in Picture Library,Yes
TCO365SP629,Libraries,Picture Library,Upload File,File size,1456814724000,,Image_LT_32kb.jpg,,,,,,,,,,,,,,,,,,,,Image_LT_32kb.jpg,jpg,File - Picture,File,Updated,Picture Library,Libraries/Picture Library,,Upload New File with <32 KB size in Picture Library,Yes
TCO365SP631,Libraries,Picture Library,Upload File,File size,1456816476000,,Image_GT_32kb.jpg,,,,,,,,,,,,,,,,,,,,Image_GT_32kb.jpg,jpg,File - Picture,File,Created,Picture Library,Libraries/Picture Library,,Upload New File with > 32 KB size in Picture Library,Yes
TCO365SP632,Libraries,Picture Library,Upload File,File Name,1456821244000,,Filenaem Specail Char !( ) _ + } { [ ].jpg,,,,,,,,,,,,,,,,,,,,Filenaem Specail Char !( ) _ + } { [ ].jpg,jpg,File - Picture,File,Updated,Picture Library,Libraries/Picture Library,,Upload File with Special Char as File Name in Picture Library,Yes
TCO365SP633,Libraries,Picture Library,Upload File,File Name,1456821528000,,ನಾನು ಭಾರತದ ಪ್ರೀತಿ.jpg,,,,,,,,,,,,,,,,,,,,ನಾನು ಭಾರತದ ಪ್ರೀತಿ.jpg,jpg,File - Picture,File,Created,Picture Library,Libraries/Picture Library,,Upload File with Multibyte Char as File Name in Picture Library,Yes
TCO365SP634,Libraries,Picture Library,Upload File,File Name,1456821836000,,FileName long1111111111111111111111111111111111111111111111111111111111111111122222222222222222222222222222222222222222222222222222222222333333333333333344444444.jpg,,,,,,,,,,,,,,,,,,,,FileName long1111111111111111111111111111111111111111111111111111111111111111122222222222222222222222222222222222222222222222222222222222333333333333333344444444.jpg,jpg,File - Picture,File,Updated,Picture Library,Libraries/Picture Library,,Upload File with Long String as File Name in Picture Library,Yes
TCO365SP637,Libraries,Picture Library,Upload File,Name,1456822181000,,Name Multibyte 是这里.jpg,,,,,,,,,,,,,,,,,,,,Name Multibyte 是这里.jpg,jpg,File - Picture,File,Updated,Picture Library,Libraries/Picture Library,,Upload File with Multibyte Char as Name in Picture Library,Yes
TCO365SP638,Libraries,Picture Library,Upload File,Name,1456822473000,,Name Special Char ! @ $ ^ & ( ) _ + } { [ ].jpg,,,,,,,,,,,,,,,,,,,,Name Special Char ! @ $ ^ & ( ) _ + } { [ ].jpg,jpg,File - Picture,File,Updated,Picture Library,Libraries/Picture Library,,Upload File with Special Char as Name in Picture Library,Yes
TCO365SP639,Libraries,Picture Library,Upload File,Name,1456822591000,,Name AlphaNumeric 1234567.jpg,,,,,,,,,,,,,,,,,,,,Name AlphaNumeric 1234567.jpg,jpg,File - Picture,File,Updated,Picture Library,Libraries/Picture Library,,Upload File with Alpha Numeric Char as Name in Picture Library,Yes
TCO365SP641,Libraries,Picture Library,Upload File,Name,1456822807000,,Name long1111111111111111111111111111111111111111111111111111111111111111122222222222222222222222222222222222222222222222222222222222333333333333333344444444.jpg,,,,,,,,,,,,,,,,,,,,Name long1111111111111111111111111111111111111111111111111111111111111111122222222222222222222222222222222222222222222222222222222222333333333333333344444444.jpg,jpg,File - Picture,File,Updated,Picture Library,Libraries/Picture Library,,Upload File with Long String Char as Name in Picture Library,Yes
TCO365SP642,Libraries,Picture Library,Upload File,Title,1466504592000,,Lighthouse.jpg,是这里,,,,,,,,,,,,,,,,,,,Lighthouse.jpg,jpg,File - Picture,File,Updated,Picture Library,Libraries/Picture Library,,Upload File with multibyte Char as Title in Picture Library,Yes
TCO365SP643,Libraries,Picture Library,Upload File,Title,1456823526000,,File Name 643.jpg,Title !@ ( ) _ + },,,,,,,,,,,,,,,,,,,File Name 643.jpg,jpg,File - Picture,File,Updated,Picture Library,Libraries/Picture Library,,Upload File with Special Char as Title in Picture Library,Yes
TCO365SP644,Libraries,Picture Library,Upload File,Title,1456823664000,,Name 644.jpg,Title Alpha Numeric 12345678,,,,,,,,,,,,,,,,,,,Name 644.jpg,jpg,File - Picture,File,Updated,Picture Library,Libraries/Picture Library,,Upload File with Alpha Numeric Char as Title in Picture Library,Yes
TCO365SP646,Libraries,Picture Library,Upload File,Title,1456823983000,,Name 646.jpg,Title long1111111111111111111111111111111111111111111111111111111111111111122222222222222222222222222222222222222222222222222222222222333333333333333344444444,,,,,,,,,,,,,,,,,,,Name 646.jpg,jpg,File - Picture,File,Updated,Picture Library,Libraries/Picture Library,,Upload File with Long String as Title in Picture Library,Yes
TCO365SP647,Libraries,Picture Library,Upload File,DatePictureTaken,1456824093000,,Name 647.jpg,Name 647.jpg,,,,,,,3/31/2016 11:33 AM,,,,,,,,,,,,Name 647.jpg,jpg,File - Picture,File,Updated,Picture Library,Libraries/Picture Library,,Upload File with Long String as Title in Picture Library,Yes
TCO365SP648,Libraries,Picture Library,Upload File,Description,1456824598000,,name 648.jpg,Title 648,,,,Description 是这里,,,2/11/2008 11:32 AM,,,,,,,,,,,,name 648.jpg,jpg,File - Picture,File,Updated,Picture Library,Libraries/Picture Library,,Upload File with Multibyte char in Description in Picture Library,Yes
TCO365SP649,Libraries,Picture Library,Upload File,Description,1456831640000,,Name 649.jpg,Name 649.jpg,,,,Description Special Char ( ) _ + } { [ ] ,,,,,,,,,,,,,,,Name 649.jpg,jpg,File - Picture,File,Updated,Picture Library,Libraries/Picture Library,,Upload File with special char in Description in Picture Library,Yes
TCO365SP650,Libraries,Picture Library,Upload File,Description,1456831803000,,Name 650.jpg,Name 650.jpg,,,,Decription Alpha Numeric 12134665,,,,,,,,,,,,,,,Name 650.jpg,jpg,File - Picture,File,Updated,Picture Library,Libraries/Picture Library,,Upload File with Alpha Numeric char in Description in Picture Library,Yes
TCO365SP652,Libraries,Picture Library,Upload File,Description,1456832250000,,Name 652.jpg,Title 652,,,,Descriptionlong11111111111111111111111111111111111111111111111111111111111111111222222222222222222222222222222222222222222222222222222222223333333333333333444444444444444444444444444444444444444444444444444444444444444444444444555555555555555555,,,,,,,,,,,,,,,Name 652.jpg,jpg,File - Picture,File,Updated,Picture Library,Libraries/Picture Library,,Upload File with Long String in Description in Picture Library,Yes
TCO365SP653,Libraries,Picture Library,Upload File,Description,1456832396000,,Name 653.jpg,Title 653,,,Keyword 是这里,,,,,,,,,,,,,,,,Name 653.jpg,jpg,File - Picture,File,Updated,Picture Library,Libraries/Picture Library,,Upload File with Multibyte char in Keyword in Picture Library,Yes
TCO365SP654,Libraries,Picture Library,Upload File,Description,1456832606000,,Name 654.jpg,Title 654,,,Keyword  ! @( ) _ + } { [ ],,,,,,,,,,,,,,,,Name 654.jpg,jpg,File - Picture,File,Updated,Picture Library,Libraries/Picture Library,,Upload File with special char in Keyword in Picture Library,Yes
TCO365SP655,Libraries,Picture Library,Upload File,Description,1456832762000,,Name 655.jpg,Title 655,,,Keyword Alpha numeric 11334546,,,,,,,,,,,,,,,,Name 655.jpg,jpg,File - Picture,File,Updated,Picture Library,Libraries/Picture Library,,Upload File with Alpha Numeric char in Keyword in Picture Library,Yes
TCO365SP657,Libraries,Picture Library,Upload File,Description,1456832905000,,Name 657.jpg,Title 657,,,FileName long1111111111111111111111111111111111111111111111111111111111111111122222222222222222222222222222222222222222222222222222222222333333333333333344444444444444444444444444444444444444444444444444444444444444444444444455555555555555555555555555,,,,,,,,,,,,,,,,Name 657.jpg,jpg,File - Picture,File,Updated,Picture Library,Libraries/Picture Library,,Upload File with Long String in Keyword in Picture Library,Yes
TCO365SP574,Libraries,Data connection library,Upload Document,,1466504834000,,Penguins.jpg,Penguins.jpg,,,,,,,,,,,,,,,,,,,Penguins.jpg,jpg,Office Data Connection,File,Updated,Data Connection Library,Libraries/Data Connection Library,,Upload File in Data Connection Library,Yes
TCO365SP575,Libraries,Data connection library,New File Creation,Office Data Connection file,1456903353000,,Name TCO365SP575.jpg,Title TCO365SP575,,,keyword TCO365SP575,Comment TCO365SP575,,,,,,,,,,,,,,,Name TCO365SP575.jpg,jpg,Office Data Connection,File,Updated,Data Connection Library,Libraries/Data Connection Library,,Create New File of Type Office Data Connection in Data Connection Library,Yes
TCO365SP576,Libraries,Data connection library,New File Creation,Universal Data Connection File,1456903947000,,Name TCO365SP576.jpg,Title TCO365SP576,,Description TCO365SP576,,,,,,,,,,,,,,,ReadWrite,XmlSubmit,Name TCO365SP576.jpg,jpg,Universal Data Connection,File,Updated,Data Connection Library,Libraries/Data Connection Library,,Create New File of Type Universal Data Connection in Data Connection Library,Yes
TCO365SP577,Libraries,Data connection library,New File Creation,Office Data Connection,1456920381000,,Name 是这里 TCO365SP577.jpg,Title TCO365SP577a,,,,,,,,,,,,,,,,,,,Name 是这里 TCO365SP577.jpg,jpg,Office Data Connection,File,Updated,Data Connection Library,Libraries/Data Connection Library,,Create New File Name as Multibyte Char in Data Connection Library,Yes
TCO365SP578,Libraries,Data connection library,New File Creation,Office Data Connection,1456920469000,,Name ! @( )  TCO365SP578.jpg,Title TCO365SP578a,,,,,,,,,,,,,,,,,,,Name ! @( )  TCO365SP578.jpg,jpg,Office Data Connection,File,Updated,Data Connection Library,Libraries/Data Connection Library,,Create New File Name as Special Char in Data Connection Library,Yes
TCO365SP579,Libraries,Data connection library,New File Creation,Office Data Connection,1456920406000,,Name Alpha Numeric 12134665 TCO365SP579.jpg,Title TCO365SP579a,,,,,,,,,,,,,,,,,,,Name Alpha Numeric 12134665 TCO365SP579.jpg,jpg,Office Data Connection,File,Updated,Data Connection Library,Libraries/Data Connection Library,,Create New File Name as Alpha Numeric Char in Data Connection Library,Yes
TCO365SP581,Libraries,Data connection library,New File Creation,Office Data Connection,1456920592000,,Name 11111111111111111111111111111122222222222222222222222222222222222222222222222222222222222333333333333333344444444.jpg,Titile TCO365SP581,,,,,,,,,,,,,,,,,,,Name 11111111111111111111111111111122222222222222222222222222222222222222222222222222222222222333333333333333344444444.jpg,jpg,Office Data Connection,File,Updated,Data Connection Library,Libraries/Data Connection Library,,Create New File Name as Long String in Data Connection Library,Yes
TCO365SP582,Libraries,Data connection library,New File Creation,Office Data Connection,1456922518000,,Name TCO365SP582.jpg,Title TCO365SP582 是这里,,,,,,,,,,,,,,,,,,,Name TCO365SP582.jpg,jpg,Office Data Connection,File,Updated,Data Connection Library,Libraries/Data Connection Library,,Create New File Title as Multibyte Char in Data Connection Library,Yes
TCO365SP583,Libraries,Data connection library,New File Creation,Office Data Connection,1456921250000,,Name TCO365SP583.jpg,Title TCO365SP583 ! @( ),,,,,,,,,,,,,,,,,,,Name TCO365SP583.jpg,jpg,Office Data Connection,File,Updated,Data Connection Library,Libraries/Data Connection Library,,Create New File Title as Special Char in Data Connection Library,Yes
TCO365SP584,Libraries,Data connection library,New File Creation,Office Data Connection,1456921286000,,Name TCO365SP584.jpg,Title TCO365SP584 Alpha Numeric 12346,,,,,,,,,,,,,,,,,,,Name TCO365SP584.jpg,jpg,Office Data Connection,File,Updated,Data Connection Library,Libraries/Data Connection Library,,Create New File Title as Alpha Numberic Char in Data Connection Library,Yes
TCO365SP586,Libraries,Data connection library,New File Creation,Office Data Connection,1456921352000,,Name TCO365SP586.jpg,Title TCO365SP586 111111111111111111111111111111222222222222222222222,,,,,,,,,,,,,,,,,,,Name TCO365SP586.jpg,jpg,Office Data Connection,File,Updated,Data Connection Library,Libraries/Data Connection Library,,Create New File Title as Long String in Data Connection Library,Yes
TCO365SP587,Libraries,Data connection library,New File Creation,Office Data Connection,1456922607000,,Name TCO365SP587.jpg,Title TCO365SP587,,,,Comment TCO365SP587 是这里,,,,,,,,,,,,,,,Name TCO365SP587.jpg,jpg,Office Data Connection,File,Updated,Data Connection Library,Libraries/Data Connection Library,,Create New File Description as Multibyte Char in Data Connection Library,Yes
TCO365SP588,Libraries,Data connection library,New File Creation,Office Data Connection,1456923903000,,Name TCO365SP588.jpg,Titile TCO365SP588,,,,Comment TCO365SP588 !@,,,,,,,,,,,,,,,Name TCO365SP588.jpg,jpg,Office Data Connection,File,Updated,Data Connection Library,Libraries/Data Connection Library,,Create New File Description as Special Char in Data Connection Library,Yes
TCO365SP589,Libraries,Data connection library,New File Creation,Office Data Connection,1456924233000,,Name TCO365SP589.jpg,Title TCO365SP589,,,,Comment TCO365SP588 Alpha Numeric12,,,,,,,,,,,,,,,Name TCO365SP589.jpg,jpg,Office Data Connection,File,Updated,Data Connection Library,Libraries/Data Connection Library,,Create New File Description as Alpha Numeric Char in Data Connection Library,Yes
TCO365SP591,Libraries,Data connection library,New File Creation,Office Data Connection,1456924008000,,Name TCO365SP591.jpg,Title TCO365SP591,,,,Comment TCO365SP591 111111111111111111111111111111222222222222222222222222222222222222222222222222222,,,,,,,,,,,,,,,Name TCO365SP591.jpg,jpg,Office Data Connection,File,Updated,Data Connection Library,Libraries/Data Connection Library,,Create New File Description as Long String in Data Connection Library,Yes
TCO365SP592,Libraries,Data connection library,New File Creation,Office Data Connection,1456924637000,,Name TCO365SP592.jpg,Title TCO365SP592,,,keyword TCO365SP592 是这里12,,,,,,,,,,,,,,,,Name TCO365SP592.jpg,jpg,Office Data Connection,File,Updated,Data Connection Library,Libraries/Data Connection Library,,Create New File Keyword as Multibyte Char in Data Connection Library,Yes
TCO365SP593,Libraries,Data connection library,New File Creation,Office Data Connection,1456924533000,,Name TCO365SP593.jpg,Title TCO365SP593,,,keyword TCO365SP593 !@,,,,,,,,,,,,,,,,Name TCO365SP593.jpg,jpg,Office Data Connection,File,Updated,Data Connection Library,Libraries/Data Connection Library,,Create New File Keyword as Special Char in Data Connection Library,Yes
TCO365SP594,Libraries,Data connection library,New File Creation,Office Data Connection,1456924581000,,Name TCO365SP594.jpg,Title TCO365SP594,,,keyword TCO365SP594 Alpha NUmeric 123,,,,,,,,,,,,,,,,Name TCO365SP594.jpg,jpg,Office Data Connection,File,Updated,Data Connection Library,Libraries/Data Connection Library,,Create New File Keyword as Alpha Numeric Char in Data Connection Library,Yes
TCO365SP596,Libraries,Data connection library,New File Creation,Office Data Connection,1456924689000,,Name TCO365SP596.jpg,Title TCO365SP596,,,keyword TCO365SP596 long11111111111111111111111111111111111111111111111111111111111111111222222222222222222222222222222222222222222222222222222,,,,,,,,,,,,,,,,Name TCO365SP596.jpg,jpg,Office Data Connection,File,Updated,Data Connection Library,Libraries/Data Connection Library,,Create New File Keyword as Long String in Data Connection Library,Yes
TCO365SP597.1,Libraries,Data connection library,New File Creation,UDC Purpose,1456925300000,,Name TCO365SP597.jpg,Title TCO365SP597,,Description TCO365SP597,,,,,,,,,,,,,,,ReadOnly,SharePointList,Name TCO365SP597.jpg,jpg,Universal Data Connection,File,Updated,Data Connection Library,Libraries/Data Connection Library,,Create New File UDC Purpose AS Read Only And Connection Type As SharePointList in Data Connection Library,Yes
TCO365SP597.2,Libraries,Data connection library,New File Creation,UDC Purpose,1456925534000,,Name TCO365SP597 New2.jpg,Title TCO365SP597 New2,,Description TCO365SP597 New2,,,,,,,,,,,,,,,WriteOnly,SharePointLibrary,Name TCO365SP597 New2.jpg,jpg,Universal Data Connection,File,Updated,Data Connection Library,Libraries/Data Connection Library,,Create New File UDC Purpose AS Write Only And Connection Type As SharePointLibrary in Data Connection Library,Yes
TCO365SP597.3,Libraries,Data connection library,New File Creation,UDC Purpose,1456925937000,,Name TCO365SP597 New3.jpg,Title TCO365SP597 New3,,Description TCO365SP597 New3,,,,,,,,,,,,,,,ReadWrite,XmlQuery,Name TCO365SP597 New3.jpg,jpg,Universal Data Connection,File,Updated,Data Connection Library,Libraries/Data Connection Library,,Create New File UDC Purpose AS Read/Write And Connection Type As XmlQuery in Data Connection Library,Yes
TCO365SP598.1,Libraries,Data connection library,New File Creation,UDC Purpose,1466504890000,,1239477_10201945566502183_117964874_n.jpg,TCO365SP598.1,,TCO365SP598.1 description,,,,,,,,,,,,,,,ReadWrite,Database,1239477_10201945566502183_117964874_n.jpg,jpg,Universal Data Connection,File,Updated,Data Connection Library,Libraries/Data Connection Library,,Create New File Connection Type As Database in Data Connection Library,Yes
TCO365SP598.2,Libraries,Data connection library,New File Creation,UDC Purpose,1457334836000,,01-2013-ford-mustang-gt-review.jpg,TCO365SP598.2 title,,TCO365SP598.2 description,,,,,,,,,,,,,,,ReadWrite,XmlQuery,01-2013-ford-mustang-gt-review.jpg,jpg,Universal Data Connection,File,Updated,Data Connection Library,Libraries/Data Connection Library,,Create New File Connection Type As XmlQuery in Data Connection Library,Yes
TCO365SP598.3,Libraries,Data connection library,New File Creation,UDC Purpose,1457340580000,,558642_3688990344762_1110224494_n.jpg,TCO365SP598.3 title,,TCO365SP598.3 description,,,,,,,,,,,,,,,ReadWrite,XmlSubmit,558642_3688990344762_1110224494_n.jpg,jpg,Universal Data Connection,File,Updated,Data Connection Library,Libraries/Data Connection Library,,Create New File Connection Type As XmlSubmit in Data Connection Library,Yes
TCO365SP598.4,Libraries,Data connection library,New File Creation,UDC Purpose,1457346732000,,20-honda-vezel-suv-01.jpg,TCO365SP598.4 title,,TCO365SP598.4 description,,,,,,,,,,,,,,,ReadWrite,WebService,20-honda-vezel-suv-01.jpg,jpg,Universal Data Connection,File,Updated,Data Connection Library,Libraries/Data Connection Library,,Create New File Connection Type As WebService in Data Connection Library,Yes
TCO365SP599.1,Libraries,Data connection library,New File Creation,UDC Purpose,1457347222000,,lessthan32kbfile.jpg,TCO365SP599.1 title,,TCO365SP599.1 description,,,,,,,,,,,,,,,ReadOnly,WebService,lessthan32kbfile.jpg,jpg,Universal Data Connection,File,Updated,Data Connection Library,Libraries/Data Connection Library,,Create New File Connection Type As WebService in Data Connection Library For Less than 32KB file,Yes
TCO365SP601,Libraries,Data connection library,New File Creation,UDC Purpose,1457347632000,,Morethan32KBfile.jpg,TCO365SP599.2 title,,TCO365SP599.2 description,,,,,,,,,,,,,,,ReadOnly,SharePointList,Morethan32KBfile.jpg,jpg,Universal Data Connection,File,Updated,Data Connection Library,Libraries/Data Connection Library,,Create New File Connection Type As SharePointList in Data Connection Library For more than 32KB file,Yes
TCO365SP603.1,Libraries,Data connection library,New File Creation,UDC Purpose,1457422831000,,ನಮ್ಮ ಮೆಟ್ರೋ.jpg,TCO365SP602.1 title,,TCO365SP602 description,,,,,,,,,,,,,,,ReadOnly,SharePointLibrary,ನಮ್ಮ ಮೆಟ್ರೋ.jpg,jpg,Universal Data Connection,File,Updated,Data Connection Library,Libraries/Data Connection Library,,Create New File Connection Type As SharePointList in Data Connection Library For file name with mutliByte characters,Yes
TCO365SP602.1,Libraries,Data connection library,New File Creation,UDC Purpose,1457430795000,,!@$^&()_{}.jpg,TCO365SP602.1 title spl chars,,TCO365SP602.1 description spl chars,,,,,,,,,,,,,,,ReadOnly,SharePointLibrary,!@$^&()_{}.jpg,jpg,Universal Data Connection,File,Updated,Data Connection Library,Libraries/Data Connection Library,,Create New File Connection Type As SharePointLibrary in Data Connection Library For file name with special characters,Yes
TCO365SP604,Libraries,Data connection library,New File Creation,UDC Purpose,1465474128000,,222222222222222222222222222222222222222222222160204060152_PPC_52411111111111111111111111111116666666666666666666666666666666666666666666111111111111111111111111111111111111111111111111111111111111111111111111112222222222.jpg,TCO365SP604 title,,TCO365SP604 description,,,,,,,,,,,,,,,ReadOnly,SharePointLibrary,222222222222222222222222222222222222222222222160204060152_PPC_52411111111111111111111111111116666666666666666666666666666666666666666666111111111111111111111111111111111111111111111111111111111111111111111111112222222222.jpg,jpg,Universal Data Connection,File,Updated,Data Connection Library,Libraries/Data Connection Library,,There is an issue observed for this test case as the file is not getting saved in Vantage DB.Create New File Connection Type As SharePointLibrary in Data Connection Library For file name with Long Name,Yes
TCO365SP605,Libraries,Data connection library,New File Creation,Office Data Connection,1457506786000,,TCO365SP605.jpg,TCO365SP605 title edited,,,TCO365SP605 keywords edited,TCO365SP605 comments edited,,,,,,,,,,,,,,,TCO365SP605.jpg,jpg,Office Data Connection,File,Updated,Data Connection Library,Libraries/Data Connection Library,,Create New Office File and edited all the fields in Data Connection Library,Yes
TCO365SP606,Libraries,Data connection library,New File Creation,UDC Purpose,1457511880000,1457511880000,TCO365SP606.jpg,TCO365SP606 title edited,,TCO365SP606 description edited,,,,,,,,,,,,,,,WriteOnly,Database,TCO365SP606.jpg,jpg,Universal Data Connection,File,Updated,Data Connection Library,Libraries/Data Connection Library,,Update New File Connection Type As Database in Data Connection Library For all fields,Yes
TCO365SP607,Libraries,Data connection library,New File Creation,UDC Purpose,1457512387000,,TCO365SP607.jpg,TCO365SP607 title challenge block,,TCO365SP607 description challenge block,,,,,,,,,,,,,,,WriteOnly,Database,TCO365SP607.jpg,jpg,Universal Data Connection,File,Updated,Data Connection Library,Libraries/Data Connection Library,,ILP testing for New File Connection Type As Database in Data Connection Library For all fields,Yes
TCO365SP609,Libraries,Form library,Upload Document,,1457514862000,,,,,,,,,,,,,,,,,,,,,,TCO365SP609.jpg,jpg,Form Library,File,Created,Form Library,Libraries/Form Library,,file upload for New File,Yes
TCO365SP610,Libraries,Form library,New Document,,1457550614000,,TCO365SP610name,TCO365SP610.xml,,,,,,,,,,,,,,,,,,,TCO365SP610.xml,xml,Form Library,File,Created,vijjubsName,Libraries/vijjubsName,,create a new form from the templeate defined-inteid 12649,Yes
TCO365SP611,Libraries,Form library,New Document,,1457591162000,,TCO365SP611 name,TCO365SP611.xml,,,,,,,,,,,,,,,,,,,TCO365SP611.xml,xml,Form Library,File,Updated,vijjubsName,Libraries/vijjubsName,,create a new form from the templeate defined-inteid 12665,Yes
TCO365SP612,Libraries,Form library,Upload Document,,1457550945000,,,,,,,,,,,,,,,,,,,,,,lessthan32kbfileTCO365SP612.jpg,jpg,Form Library,File,Created,vijjubsName,Libraries/vijjubsName,,file upload for New File inter id 12651,Yes
TCO365SP614,Libraries,Form library,Upload Document,,1457550998000,,,,,,,,,,,,,,,,,,,,,,TCO365SP614.jpg,jpg,Form Library,File,Created,vijjubsName,Libraries/vijjubsName,,file upload for New File inter id 12652,Yes
TCO365SP615,Libraries,Form library,Upload Document,,1457591982000,,,,,,,,,,,,,,,,,,,,,,TCO365SP615-!@-(90).jpg,jpg,Form Library,File,Created,vijjubsName,Libraries/vijjubsName,,file upload for New File inter id 12666,Yes
TCO365SP616,Libraries,Form library,Upload Document,,1457551304000,,,,,,,,,,,,,,,,,,,,,,TCO365SP616ನಮ್ಮ ಮೆಟ್ರೋ.jpg,jpg,Form Library,File,Created,vijjubsName,Libraries/vijjubsName,,file upload for New File inter id 12653,Yes
TCO365SP617,Libraries,Form library,Upload Document,,1457551343000,,TCO365SP617-qqqqqqqqqqqqqqqqqqqqqqqqqqqqqqqqq160204060152_PPC_52411111111111111111111111111116666666666666666666666666666666666666666666111111111111111111111111111111111111111111111111111111111111111111111111112222222222.jpg,,,,,,,,,,,,,,,,,,,,TCO365SP617-qqqqqqqqqqqqqqqqqqqqqqqqqqqqqqqqq160204060152_PPC_52411111111111111111111111111116666666666666666666666666666666666666666666111111111111111111111111111111111111111111111111111111111111111111111111112222222222.jpg,jpg,Form Library,File,Created,vijjubsName,Libraries/vijjubsName,,file upload for New File inter id 12654,Yes
TCO365SP618,Libraries,Form library,New Document,,1457551477000,,ನಮ್ಮ ಮೆಟ್ರೋ,TCO365SP618-ಮೆಟ್ರೋ.xml,,,,,,,,,,,,,,,,,,,TCO365SP618-ಮೆಟ್ರೋ.xml,xml,Form Library,File,Created,vijjubsName,Libraries/vijjubsName,,create a new form from the templeate defined-inteid 12655,Yes
TCO365SP619,Libraries,Form library,New Document,,1457551607000,,`Pramod D`souza!@#$%^&*()~edited,TCO365SP619,,,,,,,,,,,,,,,,,,,TCO365SP619.xml,xml,Form Library,File,Updated,vijjubsName,Libraries/vijjubsName,,create a new form from the templeate defined-inteid 12658,Yes
TCO365SP620,Libraries,Form library,New Document,,1457551724000,,TCO365SP620-combinationedited,TCO365SP620,,,,,,,,,,,,,,,,,,,TCO365SP620.xml,xml,Form Library,File,Updated,vijjubsName,Libraries/vijjubsName,,create a new form from the templeate defined-inteid 12659,Yes
TCO365SP621,Libraries,Form library,New Document,,1457553648000,,,,,,,,,,,,,,,,,,,,,,TCO365SP621-blankfields.xml,xml,Form Library,File,Updated,vijjubsName,Libraries/vijjubsName,,create a new form from the templeate defined-inteid 12662,Yes
TCO365SP622,Libraries,Form library,New Document,,1457553629000,,111111111111111111111111111112222222222222222222222222222222222222222222223333333333333333333333333333333344444444444444444444444444444444444444444444444444444444444444444444444444444444444444444444445555555555555555555555555555555555555555555555555555555,TCO365SP622-maxsupportedchars,,,,,,,,,,,,,,,,,,,TCO365SP622-maxsupportedchars.xml,xml,Form Library,File,Updated,vijjubsName,Libraries/vijjubsName,,create a new form from the templeate defined-inteid 12661,Yes
TCO365SP623,Libraries,Form library,New Document,,1457553415000,,challenge,,,,,,,,,,,,,,,,,,,,TCO365SP623-challenge-block.xml,xml,Form Library,File,Created,vijjubsName,Libraries/vijjubsName,,create a new form from the templeate defined-inteid 12660,Yes
TCO365SP660,Libraries,Report Library,Upload Document,,1457601513000,,TCO365SP660.jpg,TCO365SP660-title,,TCO365SP660-description,,,Abhilash C B,,,,,Category 1,Final,,,,,,,,TCO365SP660.jpg,jpg,File - Report,File,Updated,Report Library,Libraries/Report Library,,create a new form from the templeate defined-inteid 12667,Yes
TCO365SP661,Libraries,Report Library,Upload Document,,1457601584000,,TCO365SP661.xlsx,TCO365SP661-title,,TCO365SP661-description,,,,,,,,Category 1,Final,,,,,,,,TCO365SP661.xlsx,xlsx,File - Report,File,Created,Report Library,Libraries/Report Library,,create a new form from the templeate defined-inteid 12668,Yes
TCO365SP662,Libraries,Report Library,Upload Document,,1457601640000,,TCO365SP662.xlsx,,,,,,,,,,,Category 1,Final,,,,,,,,TCO365SP662.xlsx,xlsx,File - Report,File,Created,Report Library,Libraries/Report Library,,create a new Report from the templeate defined-inteid 12669,Yes
TCO365SP665,Libraries,Report Library,Upload Document,,1457605732000,,,,,,,,,,,,,,,,,,,,,,,,Folder,,Created,Report Library,Libraries/Report Library,,create a new Report from the templeate defined-inteid 12672,Yes
TCO365SP666,Libraries,Report Library,Upload Document,,1457605955000,,morethan32kbfileTCO365SP668.jpg,,,,,,,,,,,,,,,,,,,,morethan32kbfileTCO365SP668.jpg,jpg,File - Report,File,Updated,Report Library,Libraries/Report Library,,create a new Report from the templeate defined-inteid 12673,Yes
TCO365SP670,Libraries,Report Library,Upload Document,,1457606032000,,TCO365SP670ನಮ್ಮ ಮೆಟ್ರೋ.jpg,,,,,,,,,,,,,,,,,,,,TCO365SP670ನಮ್ಮ ಮೆಟ್ರೋ.jpg,jpg,File - Report,File,Updated,Report Library,Libraries/Report Library,,create a new Report from the templeate defined-inteid 12677,Yes
TCO365SP671,Libraries,Report Library,Upload Document,,1457606155000,,TCO365SP671BBBBBBBBBBBBBBBBBBBBBBBBBBBBBBBBBBBBBBBBBBBBBBBBBBBBBBBBBBBBBBBBBBBBB33333333333333333333333333444444444444444444444444444444444444444444444444444444444444444444444444444444444444444444444455555555555555555555.jpg,,,,,,,,,,,,,,,,,,,,TCO365SP671BBBBBBBBBBBBBBBBBBBBBBBBBBBBBBBBBBBBBBBBBBBBBBBBBBBBBBBBBBBBBBBBBBBBB33333333333333333333333333444444444444444444444444444444444444444444444444444444444444444444444444444444444444444444444455555555555555555555.jpg,jpg,File - Report,File,Updated,Report Library,Libraries/Report Library,,create a new Report from the templeate defined-inteid 12678,Yes
TCO365SP672,Libraries,Report Library,Upload Document,,1457606239000,,是这里-TCO365SP672.xlsx,,,,,,,,,,,Category 1,Final,,,,,,,,是这里-TCO365SP672.xlsx,xlsx,File - Report,File,Created,Report Library,Libraries/Report Library,,create a new Report from the templeate defined-inteid 12679,Yes
TCO365SP673,Libraries,Report Library,Upload Document,,1457606314000,,TCO365SP673-!@(123).xlsx,,,,,,,,,,,Category 1,Final,,,,,,,,TCO365SP673-!@(123).xlsx,xlsx,File - Report,File,Created,Report Library,Libraries/Report Library,,create a new Report from the templeate defined-inteid 12680,Yes
TCO365SP674,Libraries,Report Library,Upload Document,,1457606376000,,TCO365SP674.xlsx,TCO365SP674-title-alphanumaric,,TCO365SP674-description,,,,,,,,Category 1,Final,,,,,,,,TCO365SP674.xlsx,xlsx,File - Report,File,Updated,Report Library,Libraries/Report Library,,create a new Report from the templeate defined-inteid 12681,Yes
TCO365SP675,Libraries,Report Library,Upload Document,,1457606474000,,.xlsx,TCO365SP675- name blank field,,,,,,,,,,Category 1,Final,,,,,,,,.xlsx,xlsx,File - Report,File,Created,Report Library,Libraries/Report Library,,create a new Report from the templeate defined-inteid 12682,Yes
TCO365SP675,Libraries,Report Library,Upload Document,,1457606474000,,.xlsx,TCO365SP675- name blank field,,,,,,,,,,Category 1,Final,,,,,,,,.xlsx,xlsx,File - Report,File,Created,Report Library,Libraries/Report Library,,create a new Report from the templeate defined-inteid 12682,Yes
TCO365SP677,Libraries,Report Library,Upload Document,,1457606718000,,TCO365SP677.xlsx,TCO365SP677-ನಮ್ಮ ಮೆಟ್ರೋ,,,,,,,,,,Category 1,Final,,,,,,,,TCO365SP677.xlsx,xlsx,File - Report,File,Created,Report Library,Libraries/Report Library,,create a new Report from the templeate defined-inteid 12683,Yes
TCO365SP678,Libraries,Report Library,Upload Document,,1457606751000,,TCO365SP678.xlsx,TCO365SP678-!@#$%^&*()_+{}|:"<>,,,,,,,,,,Category 1,Final,,,,,,,,TCO365SP678.xlsx,xlsx,File - Report,File,Updated,Report Library,Libraries/Report Library,,create a new Report from the templeate defined-inteid 12684,Yes
TCO365SP679,Libraries,Report Library,Upload Document,,1457606794000,,TCO365SP679.xlsx,TCO365SP679-alphanumaric12345,,,,,,,,,,Category 1,Final,,,,,,,,TCO365SP679.xlsx,xlsx,File - Report,File,Updated,Report Library,Libraries/Report Library,,create a new Report from the templeate defined-inteid 12685,Yes
TCO365SP680,Libraries,Report Library,Upload Document,,1457606827000,,TCO365SP680.xlsx,,,TCO365SP680-description,,,,,,,,Category 1,Final,,,,,,,,TCO365SP680.xlsx,xlsx,File - Report,File,Updated,Report Library,Libraries/Report Library,,create a new Report from the templeate defined-inteid 12685,Yes
TCO365SP682,Libraries,Report Library,Upload Document,,1457677284000,,TCO365SP682.xlsx,,,ಯೋಜನೆಗಾಗಿ ಮಾಡಿರುವ ಸಾಲಕ,,,,,,,,Category 1,Final,,,,,,,,TCO365SP682.xlsx,xlsx,File - Report,File,Updated,Report Library,Libraries/Report Library,,create a new Report from the templeate defined-inteid 12690,Yes
TCO365SP683,Libraries,Report Library,Upload Document,,1457677372000,,TCO365SP683.xlsx,,,!@#$%^&*())_+ spl chars,,,,,,,,Category 1,Final,,,,,,,,TCO365SP683.xlsx,xlsx,File - Report,File,Created,Report Library,Libraries/Report Library,,create a new Report from the templeate defined-inteid 12691,Yes
TCO365SP684,Libraries,Report Library,Upload Document,,1457677402000,,TCO365SP684.xlsx,,,alpha numaric 12345678909,,,,,,,,Category 1,Final,,,,,,,,TCO365SP684.xlsx,xlsx,File - Report,File,Created,Report Library,Libraries/Report Library,,create a new Report from the templeate defined-inteid 12692,Yes
TCO365SP685,Libraries,Report Library,Upload Document,,1457678862000,,TCO365SP685.xlsx,,,,,,,,,,,Category 1,Final,,,,,,,,TCO365SP685.xlsx,xlsx,File - Report,File,Updated,Report Library,Libraries/Report Library,,create a new Report from the templeate defined-inteid 12693,Yes
TCO365SP687,Libraries,Report Library,Upload Document,,1457678938000,,TCO365SP687.xlsx,,,,,,,,,,,Category 1,Final,,,,,,,,TCO365SP687.xlsx,xlsx,File - Report,File,Updated,Report Library,Libraries/Report Library,,create a new Report from the templeate defined-inteid 12694,Yes
TCO365SP688,Libraries,Report Library,Upload Document,,1457678966000,,TCO365SP688.xlsx,,,,,,,,,,,Category 1,Final,,,,,,,,TCO365SP688.xlsx,xlsx,File - Report,File,Updated,Report Library,Libraries/Report Library,,create a new Report from the templeate defined-inteid 12695,Yes
TCO365SP689,Libraries,Report Library,Upload Document,,1457678991000,,TCO365SP689.xlsx,,,,,,,,,,,Category 1,Preliminary,,,,,,,,TCO365SP689.xlsx,xlsx,File - Report,File,Updated,Report Library,Libraries/Report Library,,create a new Report from the templeate defined-inteid 12696,Yes
TCO365SP690,Libraries,Report Library,Upload Document,,1457679091000,,TCO365SP690.xlsx,TCO365SP690 title,,TCO365SP690 description,,,,,,,,Category 1,Final,,,,,,,,TCO365SP690.xlsx,xlsx,File - Report,File,Created,Report Library,Libraries/Report Library,,create a new Report from the templeate defined-inteid 12697,Yes
TCO365SP694,Libraries,Report Library,Upload Document,,1457681110000,,TCO365SP694.xlsx,TCO365SP694-challenge-block-title,,TCO365SP694-challenge-block-description,,,,,,,,Category 1,Final,,,,,,,,TCO365SP694.xlsx,xlsx,File - Report,File,Updated,Report Library,Libraries/Report Library,,create a new form from the templeate defined-inteid 12698,Yes
TCO365SP696,Libraries,Wiki page library,Upload Document,,1457690711000,,TCO365SP696.aspx,,TCO365SP696,,,,,,,,,,,,,,,,,,TCO365SP696.aspx,aspx,Wiki Page Library,Wiki Page,Updated,Wiki page library,Libraries/Wiki page library,,create a new Wiki page the templeate defined-inteid 12702,Yes
TCO365SP697,Libraries,Wiki page library,Upload Document,,1457690989000,,TCO365SP697ಬೆಂಗಳೂರು-ನಮ್ಮ ಮೆಟ್ರೋ.aspx,,ನಮ್ಮ ಮೆಟ್ರೋನಮ್ಮ ಮೆಟ್ರೋನಮ್ಮ ಮೆಟ್ರೋನಮ್ಮ ಮೆಟ್ರೋನಮ್ಮ ಮೆಟ್ರೋನಮ್ಮ ಮೆಟ್ರೋ,,,,,,,,,,,,,,,,,,TCO365SP697ಬೆಂಗಳೂರು-ನಮ್ಮ ಮೆಟ್ರೋ.aspx,aspx,Wiki Page Library,Wiki Page,Updated,Wiki page library,Libraries/Wiki page library,,create a new Wiki page the templeate defined-inteid 12704,Yes
TCO365SP698,Libraries,Wiki page library,Upload Document,,1457691408000,,TCO365SP698-splchars(!@$^&).aspx,,TCO365SP698-splchars(!@$^&),,,,,,,,,,,,,,,,,,TCO365SP698-splchars(!@$^&).aspx,aspx,Wiki Page Library,Wiki Page,Updated,Wiki page library,Libraries/Wiki page library,,create a new Wiki page the templeate defined-inteid 12705,Yes
TCO365SP701,Libraries,Wiki page library,Upload Document,,1457693169000,,TCO365SP701BBBBBBBBBBBBBBBBBBBBBBBBBBBBBBBBBBBBBBBBBBBBBBBBBBBBBBBBBBBBBBBBBBBBB33333333333333333333333333444444444444444444444444444444444444444444444444444444444444444444444444444444444444444444444455555555555555555555.aspx,,,,,,,,,,,,,,,,,,,,TCO365SP701BBBBBBBBBBBBBBBBBBBBBBBBBBBBBBBBBBBBBBBBBBBBBBBBBBBBBBBBBBBBBBBBBBBBB33333333333333333333333333444444444444444444444444444444444444444444444444444444444444444444444444444444444444444444444455555555555555555555.aspx,aspx,Wiki Page Library,Wiki Page,Updated,Wiki page library,Libraries/Wiki page library,,create a new Wiki page the templeate defined-inteid 12707,Yes
TCO365SP702,Libraries,Wiki page library,Upload Document,,1457899624000,,TCO365SP702new.aspx,,ಬೆಂಗಳೂರುTCO365SP702new,,,,,,,,,,,,,,,,,,TCO365SP702new.aspx,aspx,Wiki Page Library,Wiki Page,Updated,Wiki page library,Libraries/Wiki page library,,create a new Wiki page the templeate defined-inteid 12717,Yes
TCO365SP703,Libraries,Wiki page library,Upload Document,,1457693401000,,TCO365SP703.aspx,,TCO365SP703-splchars-!@#$%^&*()_+{}|:",,,,,,,,,,,,,,,,,,TCO365SP703.aspx,aspx,Wiki Page Library,Wiki Page,Updated,Wiki page library,Libraries/Wiki page library,,create a new Wiki page the templeate defined-inteid 12708,Yes
TCO365SP704,Libraries,Wiki page library,Upload Document,,1457693472000,,TCO365SP704.aspx,,TCO365SP704-alphanumaric,,,,,,,,,,,,,,,,,,TCO365SP704.aspx,aspx,Wiki Page Library,Wiki Page,Updated,Wiki page library,Libraries/Wiki page library,,create a new Wiki page the templeate defined-inteid 12709,Yes
TCO365SP705,Libraries,Wiki page library,Upload Document,,1457693520000,,TCO365SP705.aspx,,,,,,,,,,,,,,,,,,,,TCO365SP705.aspx,aspx,Wiki Page Library,Wiki Page,Updated,Wiki page library,Libraries/Wiki page library,,create a new Wiki page the templeate defined-inteid 12710,Yes
TCO365SP707,Libraries,Wiki page library,Upload Document,,1457693683000,,TCO365SP707.aspx,,TCO365SP707edited,,,,,,,,,,,,,,,,,,TCO365SP707.aspx,aspx,Wiki Page Library,Wiki Page,Updated,Wiki page library,Libraries/Wiki page library,,create a new Wiki page the templeate defined-inteid 12712,Yes
TCO365SP708,Libraries,Wiki page library,Upload Document,,1457898804000,,TCO365SP708.aspx,,TCO365SP708,,,,,,,,,,,,,,,,,,TCO365SP708.aspx,aspx,Wiki Page Library,Wiki Page,Updated,Wiki page library,Libraries/Wiki page library,,create a new Wiki page the templeate defined-inteid 12716,Yes
TCO365SP710,Libraries,Wiki page library,Upload Document,,1457694244000,,TCO365SP710.aspx,,TCO365SP710BBBBBBBBBBBBBBBBBBBBBBBBBBBBBBBBBBBBBBBBBBBBBBBBBBBBBBBBBBBBBBBBBBBBB33333333333333333333333333444444444444444444444444444444444444444444444444444444444444444444444444444444444444444444444455555555555555555555,,,,,,,,,,,,,,,,,,TCO365SP710.aspx,aspx,Wiki Page Library,Wiki Page,Updated,Wiki page library,Libraries/Wiki page library,,create a new Wiki page the temple 	ate defined-inteid 12715,Yes
TCO365SP711,Libraries,Wiki page library,Upload Document,,1466586843000,,TCO365SP711.aspx,,ಬೆಂಗಳೂರುTCO365SP711,,,,,,,,,,,,,,,,,,TCO365SP711.aspx,aspx,Wiki Page Library,Wiki Page,Updated,Wiki page library,Libraries/Wiki page library,,Not able to map with DB,Yes
TCO365SP712,Libraries,Wiki page library,Upload Document,,1457693401000,,TCO365SP703.aspx,,TCO365SP703-splchars-!@#$%^&*()_+{}|:",,,,,,,,,,,,,,,,,,TCO365SP703.aspx,aspx,Wiki Page Library,Wiki Page,Updated,Wiki page library,Libraries/Wiki page library,,create a new Wiki page the templeate defined-inteid 12708,Yes
TCO365SP713,Libraries,Wiki page library,Upload Document,,1457693472000,,TCO365SP704.aspx,,TCO365SP704-alphanumaric,,,,,,,,,,,,,,,,,,TCO365SP704.aspx,aspx,Wiki Page Library,Wiki Page,Updated,Wiki page library,Libraries/Wiki page library,,create a new Wiki page the templeate defined-inteid 12709,Yes
TCO365SP716,Libraries,Wiki page library,Upload Document,,1457900404000,,TCO365SP716.jpg,,,,,,,,,,,,,,,,,,,,TCO365SP716.jpg,jpg,Wiki Page Library,Wiki Page,Updated,Wiki page library,Libraries/Wiki page library,,create a new Wiki page the templeate defined-inteid 12718,Yes
TCO365SP717,Libraries,Wiki page library,Upload Document,,1457900466000,,TCO365SP717.jpg,,,,,,,,,,,,,,,,,,,,TCO365SP717.jpg,jpg,Wiki Page Library,Wiki Page,Updated,Wiki page library,Libraries/Wiki page library,,create a new Wiki page the templeate defined-inteid 12719,Yes
TCO365SP719,Libraries,Wiki page library,Upload Document,,1457900507000,,TCO365SP719.jpg,,,,,,,,,,,,,,,,,,,,TCO365SP719.jpg,jpg,Wiki Page Library,Wiki Page,Updated,Wiki page library,Libraries/Wiki page library,,create a new Wiki page the templeate defined-inteid 12720,Yes
TCO365SP720,Libraries,Wiki page library,Upload Document,,1457900546000,,TCO365SP720-!@-(90).jpg,,,,,,,,,,,,,,,,,,,,TCO365SP720-!@-(90).jpg,jpg,Wiki Page Library,Wiki Page,Updated,Wiki page library,Libraries/Wiki page library,,create a new Wiki page the templeate defined-inteid 12721,Yes
TCO365SP721,Libraries,Wiki page library,Upload Document,,1457900606000,,TCO365SP721ನಮ್ಮಮೆಟ್ರೋ.jpg,,,,,,,,,,,,,,,,,,,,TCO365SP721ನಮ್ಮಮೆಟ್ರೋ.jpg,jpg,Wiki Page Library,Wiki Page,Updated,Wiki page library,Libraries/Wiki page library,,create a new Wiki page the templeate defined-inteid 12721,Yes
TCO365SP722,Libraries,Wiki page library,Upload Document,,1457900705000,,TCO365SP722BBBBBBBBBBBBBBBBBBBBBBBBBBBBBBBBBBBBBBBBBBBBBBBBBBBBBBBBBBBBBBBBBBBBB33333333333333333333333333444444444444444444444444444444444444444444444444444444444444444444444444444444444444444444444455555555555555555555.jpg,,,,,,,,,,,,,,,,,,,,TCO365SP722BBBBBBBBBBBBBBBBBBBBBBBBBBBBBBBBBBBBBBBBBBBBBBBBBBBBBBBBBBBBBBBBBBBBB33333333333333333333333333444444444444444444444444444444444444444444444444444444444444444444444444444444444444444444444455555555555555555555.jpg,jpg,Wiki Page Library,Wiki Page,Updated,Wiki page library,Libraries/Wiki page library,,create a new Wiki page the templeate defined-there seems to be an issue with multipbyte chars and longfilenames12721,Yes
TCO365SP723,Libraries,Wiki page library,Upload Document,,1457900772000,,TCO365SP723-block-challenge.jpg,,,,,,,,,,,,,,,,,,,,TCO365SP723-block-challenge.jpg,jpg,Wiki Page Library,Wiki Page,Updated,Wiki page library,Libraries/Wiki page library,,create a new Wiki page the templeate defined-inteid 12722,Yes
TCO365SP485,Libraries,Asset library,Upload Document,,1457936631000,,TCO365SP485.jpg,TCO365SP485-title,TCO365SP485-comments,,TCO365SP485-keywords,TCO365SP485-comments,TCO365SP485-author,,3/13/2016 12:10 AM,TCO365SP485-copyright,,,,,,,,,,,TCO365SP485.jpg,jpg,File - Image,File,Updated,Asset library,Libraries/Asset library,,create a new Asset library the templeate defined-inteid 12723,Yes
TCO365SP486,Libraries,Asset library,Upload Document,,1457936750000,,TCO365SP486.jpg,TCO365SP486-title,TCO365SP486-comments,,TCO365SP486-keywords,TCO365SP486-comments,TCO365SP486-author,,3/13/2016 12:05 AM , TCO365SP486-copyright,,,,,,,,,,,TCO365SP486.jpg,jpg,File - Image,File,Updated,Asset library,Libraries/Asset library,,create a new Asset library the templeate defined-inteid 12724,Yes
TCO365SP487,Libraries,Asset library,Upload Document,,1457936785000,,TCO365SP487.jpg,,,,,,,,,,,,,,,,,,,,TCO365SP487.jpg,jpg,File - Image,File,Updated,Asset library,Libraries/Asset library,,create a new Asset library the templeate defined-inteid 12726,Yes
TCO365SP488,Libraries,Asset library,Upload Document,,1457936918000,,TCO365SP488.jpg,,,,,,,,,,,,,,,,,,,,TCO365SP488.jpg,jpg,File - Image,File,Updated,Asset library,Libraries/Asset library,,create a new Asset library the templeate defined-inteid 12727,Yes
TCO365SP489,Libraries,Asset library,Upload Document,,1457937034000,,TCO365SP489.wma,,,,,,,,,,,,,,,,,,,,TCO365SP489.wma,wma,File - Audio,File,Updated,Asset library,Libraries/Asset library,,create a new Asset library the templeate defined-inteid 12728,Yes
TCO365SP490,Libraries,Asset library,Upload Document,,1457937150000,,TCO365SP490.wmv,,,,,,,,,,,,,,,,,,,,TCO365SP490.wmv,wmv,File - Video,File,Updated,Asset library,Libraries/Asset library,,create a new Asset library the templeate defined-inteid 12729,Yes
TCO365SP499,Libraries,Asset library,Upload Document,,1457937594000,,TCO365SP499-ಬೆಂಗಳೂರು.docx,,,,,,,,,,,,,,,,,,,,TCO365SP499-ಬೆಂಗಳೂರು.docx,docx,File - Image,File,Updated,Asset library,Libraries/Asset library,,create a new Asset library the templeate defined-inteid 12734,Yes
TCO365SP500,Libraries,Asset library,Upload Document,,1457937691000,,TCO365SP500-!@-(90).jpg,,Renault Kwid Climber,,Renault Kwid Climber,,Picasa,,,,,,,,,,,,,,TCO365SP500-!@-(90).jpg,jpg,File - Image,File,Updated,Asset library,Libraries/Asset library,,create a new Asset library the templeate defined-inteid 12735,Yes
TCO365SP503,Libraries,Asset library,Upload Document,,1457937815000,,TCO365SP503BBBBBBBBBBBBBBBBBBBBBBBBBBBBBBBBBBBBBBBBBBBBBBBBBBBBBBBBBBBBBBBBBBBBB33333333333333333333333333444444444444444444444444444444444444444444444444444444444444444444444444444444444444444444444455555555555555555555.jpg,,,,,,,,,,,,,,,,,,,,TCO365SP503BBBBBBBBBBBBBBBBBBBBBBBBBBBBBBBBBBBBBBBBBBBBBBBBBBBBBBBBBBBBBBBBBBBBB33333333333333333333333333444444444444444444444444444444444444444444444444444444444444444444444444444444444444444444444455555555555555555555.jpg,jpg,File - Image,File,Updated,Asset library,Libraries/Asset library,,create a new Asset library the templeate defined-inteid 12736,Yes
TCO365SP504,Libraries,Asset library,Upload Document,,1457937923000,,TCO365SP504.jpg,,,,,,,,,,,,,,,,,,,,TCO365SP504.jpg,jpg,File - Image,File,Updated,Asset library,Libraries/Asset library,,create a new Asset library the templeate defined-inteid 12737,Yes
TCO365SP505,Libraries,Asset library,Upload Document,,1457937975000,,TCO365SP505.mp3,,,,,,,,,,,,,,,,,,,,TCO365SP505.mp3,mp3,File - Image,File,Updated,Asset library,Libraries/Asset library,,create a new Asset library the templeate defined-inteid 12738,Yes
TCO365SP506,Libraries,Asset library,Upload Document,,1457938147000,,TCO365SP506.wmv,,,,,,,,,,,,,,,,,,,,TCO365SP506.wmv,wmv,File - Video,File,Updated,Asset library,Libraries/Asset library,,create a new Asset library the templeate defined-inteid 12741,Yes
TCO365SP507,Libraries,Asset library,Upload Document,,1457938298000,,TCO365SP507-ಬೆಂಗಳೂರು.jpg,,,,,,,,,,,,,,,,,,,,TCO365SP507-ಬೆಂಗಳೂರು.jpg,jpg,File - Image,File,Updated,Asset library,Libraries/Asset library,,create a new Asset library the templeate defined-inteid 12743,Yes
TCO365SP509,Libraries,Asset library,Upload Document,,1457938382000,,TCO365SP509.jpg,,,,,,,,,,,,,,,,,,,,TCO365SP509.jpg,jpg,File - Image,File,Updated,Asset library,Libraries/Asset library,,create a new Asset library the templeate defined-inteid 12744,Yes
TCO365SP512,Libraries,Asset library,Upload Document,,1457938957000,,TCO365SP512.jpg,,TCO365SP512-ಬೆಂಗಳೂರು,,,,,,,,,,,,,,,,,,TCO365SP512.jpg,jpg,File - Image,File,Updated,Asset library,Libraries/Asset library,,create a new Asset library the templeate defined-inteid 12745,Yes
TCO365SP513,Libraries,Asset library,Upload Document,,1457939010000,,TCO365SP513.jpg,TCO365SP513-!@#$%^&*(),,,,,,,,,,,,,,,,,,,TCO365SP513.jpg,jpg,File - Image,File,Updated,Asset library,Libraries/Asset library,,create a new Asset library the templeate defined-inteid 12746,Yes
TCO365SP514,Libraries,Asset library,Upload Document,,1457939049000,,TCO365SP514.jpg,,,,,,,,,,,,,,,,,,,,TCO365SP514.jpg,jpg,File - Image,File,Updated,Asset library,Libraries/Asset library,,create a new Asset library the templeate defined-inteid 12747,Yes
TCO365SP517,Libraries,Asset library,Upload Document,,1457940247000,,TCO365SP517.jpg,,,,,,,,,,,,,,,,,,,,TCO365SP517.jpg,jpg,File - Image,File,Updated,Asset library,Libraries/Asset library,,create a new Asset library the templeate defined-inteid 12752,Yes
TCO365SP518,Libraries,Asset library,Upload Document,,1457940297000,,TCO365SP518.jpg,,,,TCO365SP518-keywords-!@#$%^&*,,,,,,,,,,,,,,,,TCO365SP518.jpg,jpg,File - Image,File,Updated,Asset library,Libraries/Asset library,,create a new Asset library the templeate defined-inteid 12753,Yes
TCO365SP519,Libraries,Asset library,Upload Document,,1457940338000,,TCO365SP519.jpg,,,,,,,,,,,,,,,,,,,,TCO365SP519.jpg,jpg,File - Image,File,Updated,Asset library,Libraries/Asset library,,create a new Asset library the templeate defined-inteid 12754,Yes
TCO365SP520,Libraries,Asset library,Upload Document,,1457940372000,,TCO365SP520.jpg,,,,,,ANIL GULECHA,,,,,,,,,,,,,,TCO365SP520.jpg,jpg,File - Image,File,Updated,Asset library,Libraries/Asset library,,create a new Asset library the templeate defined-inteid 12755,Yes
TCO365SP522,Libraries,Asset library,Upload Document,,1457940444000,,TCO365SP522.jpg,,,,,,,,,,,,,,,,,,,,TCO365SP522.jpg,jpg,File - Image,File,Updated,Asset library,Libraries/Asset library,,create a new Asset library the templeate defined-inteid 12756,Yes
TCO365SP523,Libraries,Asset library,Upload Document,,1457940531000,,TCO365SP523.jpg,,,TCO365SP523-!@#$%^,,,,,,,,,,,,,,,,,TCO365SP523.jpg,jpg,File - Image,File,Updated,Asset library,Libraries/Asset library,,create a new Asset library the templeate defined-inteid 12757,Yes
TCO365SP524,Libraries,Asset library,Upload Document,,1457940576000,,TCO365SP524.jpg,,,,,TCO365SP524-comments,,,,,,,,,,,,,,,TCO365SP524.jpg,jpg,File - Image,File,Updated,Asset library,Libraries/Asset library,,create a new Asset library the templeate defined-inteid 12758,Yes
TCO365SP525,Libraries,Asset library,Upload Document,,1457940612000,,TCO365SP525.jpg,,,,,,,,,,,,,,,,,,,,TCO365SP525.jpg,jpg,File - Image,File,Updated,Asset library,Libraries/Asset library,,create a new Asset library the templeate defined-inteid 12759,Yes
TCO365SP527,Libraries,Asset library,Upload Document,,1457940732000,,TCO365SP527.jpg,,,,,,TCO365SP527ಬೆಂಗಳೂರು,,,,,,,,,,,,,,TCO365SP527.jpg,jpg,File - Image,File,Updated,Asset library,Libraries/Asset library,,create a new Asset library the templeate defined-inteid 12760,Yes
TCO365SP528,Libraries,Asset library,Upload Document,,1457941104000,,TCO365SP528.jpg,,,,,,,,,,,,,,,,,,,,TCO365SP528.jpg,jpg,File - Image,File,Updated,Asset library,Libraries/Asset library,,create a new Asset library the templeate defined-inteid 12761,Yes
TCO365SP529,Libraries,Asset library,Upload Document,,1457941146000,,TCO365SP529.jpg,,,,,,TCO365SP529,,,,,,,,,,,,,,TCO365SP529.jpg,jpg,File - Image,File,Updated,Asset library,Libraries/Asset library,,create a new Asset library the templeate defined-inteid 12762,Yes
TCO365SP532,Libraries,Asset library,Upload Document,,1457941270000,,TCO365SP532.jpg,,,,,,,,,,,,,,,,,,,,TCO365SP532.jpg,jpg,File - Image,File,Updated,Asset library,Libraries/Asset library,,create a new Asset library the templeate defined-inteid 12763,Yes
TCO365SP533,Libraries,Asset library,Upload Document,,1457941377000,,TCO365SP533.jpg,,,,,,,,,,,,,,,,,,,,TCO365SP533.jpg,jpg,File - Image,File,Updated,Asset library,Libraries/Asset library,,create a new Asset library the templeate defined-inteid 12764,Yes
TCO365SP534,Libraries,Asset library,Upload Document,,1457941426000,,TCO365SP534.jpg,,,,,,,,,TCO365SP534!!!,,,,,,,,,,,TCO365SP534.jpg,jpg,File - Image,File,Updated,Asset library,Libraries/Asset library,,create a new Asset library the templeate defined-inteid 12765,Yes
TCO365SP535,Libraries,Asset library,Upload Document,,1457941472000,,TCO365SP535.jpg,,,,,,,,,TCO365SP535,,,,,,,,,,,TCO365SP535.jpg,jpg,File - Image,File,Updated,Asset library,Libraries/Asset library,,create a new Asset library the templeate defined-inteid 12766,Yes
TCO365SP538,Libraries,Asset library,Upload Document,,1457941609000,,TCO365SP538morethan32kbfile.jpg,,,,,,,,,,,,,,,,,,,,TCO365SP538morethan32kbfile.jpg,jpg,File - Image,File,Updated,Asset library,Libraries/Asset library,,create a new Asset library the templeate defined-inteid 12767,Yes
TCO365SP540,Libraries,Asset library,Upload Document,,1457941668000,,TCO365SP540.jpg,,,,,,,,,,,,,,,,,,,,TCO365SP540.jpg,jpg,File - Image,File,Updated,Asset library,Libraries/Asset library,,create a new Asset library the templeate defined-inteid 12768,Yes
TCO365SP541,Libraries,Asset library,Upload Document,,1457941888000,,TCO365SP541!@.jpg,,,,,,,,,,,,,,,,,,,,TCO365SP541!@.jpg,jpg,File - Image,File,Updated,Asset library,Libraries/Asset library,,create a new Asset library the templeate defined-inteid 12769,Yes
TCO365SP542,Libraries,Asset library,Upload Document,,1457943507000,,TCO365SP542ನಮ್ಮಮೆಟ್ರೋ.jpg,,,,,,,,,,,,,,,,,,,,TCO365SP542ನಮ್ಮಮೆಟ್ರೋ.jpg,jpg,File - Image,File,Updated,Asset library,Libraries/Asset library,,create a new Asset library the templeate defined-inteid 12770,Yes
TCO365SP543,Libraries,Asset library,Upload Document,,1457943549000,,TCO365SP543BBBBBBBBBBBBBBBBBBBBBBBBBBBBBBBBBBBBBBBBBBBBBBBBBBBBBBBBBBBBBBBBBBBBB33333333333333333333333333444444444444444444444444444444444444444444444444444444444444444444444444444444444444444444444455555555555555555555.jpg,,,,,,,,,,,,,,,,,,,,TCO365SP543BBBBBBBBBBBBBBBBBBBBBBBBBBBBBBBBBBBBBBBBBBBBBBBBBBBBBBBBBBBBBBBBBBBBB33333333333333333333333333444444444444444444444444444444444444444444444444444444444444444444444444444444444444444444444455555555555555555555.jpg,jpg,File - Image,File,Updated,Asset library,Libraries/Asset library,,create a new Asset library the templeate defined-inteid 12771,Yes
TCO365SP544,Libraries,Asset library,Upload Document,,1457943786000,,TCO365SP544edited.jpg,,,,,,,,,,,,,,,,,,,,TCO365SP544edited.jpg,jpg,File - Image,File,Updated,Asset library,Libraries/Asset library,,create a new Asset library the templeate defined-inteid 12772,Yes
TCO365SP547.1,Libraries,Asset library,Upload Document,,1457943934000,,TCO365SP547-edited.jpg,TCO365SP547-title-edited,TCO365SP547-comments-edited,,TCO365SP547-keywords-edited,TCO365SP547-comments-edited,,,,,,,,,,,,,,,TCO365SP547-edited.jpg,jpg,File - Image,File,Updated,Asset library,Libraries/Asset library,,create a new Asset library the templeate defined-inteid 12723,Yes
TCO365SP439,Libraries,Wiki page,Update Wiki Page,,1457939215000,,TCO365SP439.aspx,,,,,,,,,,,,,,,,,,,,TCO365SP439.aspx,aspx,Wiki Page Library,Wiki Page,Updated,Site Pages,Libraries/SitePages,,create a new Wiki page the templeate defined-inteid 12748,Yes