TestCaseNo,Feature,Type,MethodType,Action,SubAction,Time1,Time2,Name,Title,Subject,Body,Description,Expires,Published,Address,IsQuestion,Reply,AssignedTo,IssueStatus,Priority,Category,RelatedIssues,Comments,StartDate,DueDate,URL,Notes,PercentageCompletion,Question,Answer,isResponseRequired?,enforceUnique?,Choice1,Choice2,Choice3,DisplayChoiceUsing,FillIn?,DefaultValue,Responce,Document,Data,Version,DatePictureTaken,Keywords,PreviewImage,Typethedescription,ReportDescription,Owner,ReportCategory,ReportStatus,Upload,Author,PreviewImageURL,Copyright,File,FileType,ContentType,ContentSubType,ActionType,ResourceName,ResourceURL,TestScenario
TCO365SP1,SiteTemplate,Teamsite,,Create Site,,1456209335000,,,Team Site,,,,,,,,,,,,,,,,,,,,,,,,,,,,,,,,,,,,,,,,,,,,,,v4.master,,Master Page,,Created,Master Page Gallery,/subSiteLevelLists/teamSite/_catalogs/masterpage,Create Team Site
TCO365SP2,SiteTemplate,Teamsite,,Create Page,,1456216944000,,,TCO365SP2 Page Name.aspx,,,TCO365SP2 Page content,,,,,,,,,,,,,,,,,,,,,,,,,,,,,,,,,,,,,,,,,,,TCO365SP2 Page Name.aspx,,Wiki Page Library,Wiki Page,Updated,Site Pages,/subSiteLevelLists/teamSite/SitePages,Create new site page
TCO365SP3,SiteTemplate,Teamsite,,Create NewsFeed,,1456165800000,,,TCO365SP3 Newsfeed,,,TCO365SP3 Newsfeed,,,,,,,,,,,,,,,,,,,,,,,,,,,,,,,,,,,,,,,,,,,,,NewsFeed,Post,Created,MicroFeed,/subSiteLevelLists/teamSite/Lists/PublishedFeed,Create NewsFeed
TCO365SP4,SiteTemplate,Teamsite,,Create Document,,1456220455000,,,Document.docx,,,,,,,,,,,,,,,,,,,,,,,,,,,,,,,,,,,,,,,,,,,,,,Document.docx,,File - All Other,File,Updated,Documents,/subSiteLevelLists/teamSite/Shared%20Documents,Create a document
TCO365SP5,SiteTemplate,Teamsite,,Edit Document,,1456292477000,,,TC0365SP5.docx,,,,,,,,,,,,,,,,,,,,,,,,,,,,,,,,,,,,,,,,,,,,,,TC0365SP5.docx,,File - All Other,File,Updated,Documents,/subSiteLevelLists/teamSite/Shared%20Documents,Update a document
TCO365SP19,SiteTemplate,Record Center,,Create Site,,1456902187000,,,,,,,,,,,,,,,,,,,,,,,,,,,,,,,,,,,,,,,,,,,,,,,,,v4.master,,Master Page,,Created,Master Page Gallery,/subSiteLevelLists/recCenter/_catalogs/masterpage,Create Record Center
TCO365SP20,SiteTemplate,Record Center,,Add Document,,1456902703000,,,TCO365SP19 Title,,,,,,,,,,,,,,,,,,,,,,,,,,,,,,,,,,,,,,,,,,,,,,TestFile.docx,,File - All Other,File,Updated,Drop Off Library,/subSiteLevelLists/recCenter/DropOffLibrary,Add Document
TCO365SP21,SiteTemplate,Record Center,,Submit a Record,,1456910344000,,,TCO365SP21 Title,,,,,,,,,,,,,,,,,,,,,,,,,,,,,,,,,,,,,,,,,,,,,,TestFile2.docx,,File - All Other,File,Updated,Drop Off Library,/subSiteLevelLists/recCenter/DropOffLibrary,Submit a Record
TCO365SP154,SiteTemplate,Blog,,Create Post,All Fields,1457081932000,,,TCO365SP154 Title,,TCO365SP154 Body,,,3/4/2016 12:57 AM,,,,,,,Events,,,,,,,,,,,,,,,,,,,,,,,,,,,,,,,,,,,,Blog,Post,Created,Posts,/subSiteLevelLists/blog/Lists/Posts,Create a Blog Post
TCO365SP155,SiteTemplate,Blog,,Create Post,Mandatory Fields,1457083182000,,,TCO365SP155 Title,,,,,3/4/2016 1:19 AM,,,,,,,,,,,,,,,,,,,,,,,,,,,,,,,,,,,,,,,,,,,Blog,Post,Created,Posts,/subSiteLevelLists/blog/Lists/Posts,Create a Blog Post with only Mandatory fields
TCO365SP156,SiteTemplate,Blog,,Create Post,Mandatory Fields,1457083336000,,,TCO365SP156 Title,,,,,3/4/2016 1:22 AM,,,,,,,,,,,,,,,,,,,,,,,,,,,,,,,,,,,,,,,,,,,Blog,Post,Created,Posts,/subSiteLevelLists/blog/Lists/Posts,Create a Blog Post from Managed Posts
TCO365SP157,SiteTemplate,Blog,,Create Post,Title,1457083555000,,,TCO365SP157 इंग्रजी भाषेत काही मूल्य,,,,,3/4/2016 1:25 AM,,,,,,,,,,,,,,,,,,,,,,,,,,,,,,,,,,,,,,,,,,,Blog,Post,Created,Posts,/subSiteLevelLists/blog/Lists/Posts,Create a Blog Post with Multibyte Characters
TCO365SP158,SiteTemplate,Blog,,Create Post,Title,1457083722000,,,TCO365SP158 !@#$%^&*()-+=<>?&:;/\,,,,,3/4/2016 1:28 AM,,,,,,,,,,,,,,,,,,,,,,,,,,,,,,,,,,,,,,,,,,,Blog,Post,Created,Posts,/subSiteLevelLists/blog/Lists/Posts,Create a Blog Post with Special Characters
TCO365SP159,SiteTemplate,Blog,,Create Post,Title,1457084404000,,,TCO365SP159 Alphanumeric1234567890,,,,,3/4/2016 1:39 AM,,,,,,,,,,,,,,,,,,,,,,,,,,,,,,,,,,,,,,,,,,,Blog,Post,Created,Posts,/subSiteLevelLists/blog/Lists/Posts,Create a Blog Post with Alpha Numeric Characters
TCO365SP161,SiteTemplate,Blog,,Create Post,Title,1457084206000,,,TCO365SP159 Max characters - 1111111111111111111111111111111111111111111111111111111111111112222222222222222222222222222222222222222222222222222222222222222222222222222222233333333333333333333333333333333333333333333333333333334444444444444444444444444444,,,,,3/4/2016 1:36 AM,,,,,,,,,,,,,,,,,,,,,,,,,,,,,,,,,,,,,,,,,,,Blog,Post,Created,Posts,/subSiteLevelLists/blog/Lists/Posts,Create a Blog Post with Maximum Characters
TCO365SP163,SiteTemplate,Blog,,Create Post,Body,1457084733000,,,TCO365SP163 Title,,​TCO365SP163 इंग्रजी भाषेत काही मूल्य,,,3/4/2016 1:43 AM,,,,,,,,,,,,,,,,,,,,,,,,,,,,,,,,,,,,,,,,,,,Blog,Post,Created,Posts,/subSiteLevelLists/blog/Lists/Posts,Create a Blog Post with Multibyte Characters in Body
TCO365SP164,SiteTemplate,Blog,,Create Post,Body,1457084923000,,,​TCO365SP164 Title,,​TCO365SP164 !@#$%^&*()-+=<>?&:;/\,,,3/4/2016 1:48 AM,,,,,,,,,,,,,,,,,,,,,,,,,,,,,,,,,,,,,,,,,,,Blog,Post,Created,Posts,/subSiteLevelLists/blog/Lists/Posts,Create a Blog Post with Special Characters in Body
TCO365SP165,SiteTemplate,Blog,,Create Post,Body,1457085091000,,,TCO365SP165 Title,,TCO365SP165 Alphanumeric1234567890,,,3/4/2016 1:51 AM,,,,,,,,,,,,,,,,,,,,,,,,,,,,,,,,,,,,,,,,,,,Blog,Post,Created,Posts,/subSiteLevelLists/blog/Lists/Posts,Create a Blog Post with Alpha Numeric values in Body
TCO365SP167,SiteTemplate,Blog,,Create Post,Body,1457085332000,,,TCO365SP167 Title,,TCO365SP167 Max characters - 1111111111111111111111111111111111111111111111111111111111111112222222222222222222222222222222222222222222222222222222222222222222222222222222233333333333333333333333333333333333333333333333333333334444444444444444444444444444,,,3/4/2016 1:55 AM,,,,,,,,,,,,,,,,,,,,,,,,,,,,,,,,,,,,,,,,,,,Blog,Post,Created,Posts,/subSiteLevelLists/blog/Lists/Posts,Create a Blog Post with Maximum Characters in Body
TCO365SP170,SiteTemplate,Blog,,Create Post,Body,1457085571000,,,TCO365SP170 Title,,TCO365SP170 https://www.google.co.in,,,3/4/2016 1:59 AM,,,,,,,,,,,,,,,,,,,,,,,,,,,,,,,,,,,,,,,,,,,Blog,Post,Created,Posts,/subSiteLevelLists/blog/Lists/Posts,Create a Blog Post with a Link in Body
TCO365SP172,SiteTemplate,Blog,,Upload File,Body,1457085809000,1457085802000,,TCO365SP172 Title,,TCO365SP172 Body,,,3/4/2016 2:02 AM,,,,,,,,,,,,,,,,,,,,,,,,,,,,,,,,,,,,,,,,,thor.jpg,File - Picture,Blog,Post,Created,Posts,/subSiteLevelLists/blog/Lists/Posts,Upload a file with size less than 32KB
TCO365SP174,SiteTemplate,Blog,,Upload File,Body,1457086781000,1457086769000,,TCO365SP174 Title,,TCO365SP174 Body,,,3/4/2016 2:18 AM,,,,,,,,,,,,,,,,,,,,,,,,,,,,,,,,,,,,,,,,,Chrysanthemum.jpg,File - Picture,Blog,Post,Created,Posts,/subSiteLevelLists/blog/Lists/Posts,Upload File with size greater than 32KB
TCO365SP179,SiteTemplate,Blog,,Add Comment,,1457087342000,1457087298000,,TCO365SP179 Title,,,,,3/4/2016 2:28 AM,,,,,,,,,TCO365SP179 इंग्रजी भाषेत काही मूल्य,,,,,,,,,,,,,,,,,,,,,,,,,,,,,,,,,,Blog,Comment,Created,Comments,/subSiteLevelLists/blog/Lists/Comments,Create a comment with Multibyte characters
TCO365SP180,SiteTemplate,Blog,,Add Comment,,1457087597000,1457087298000,,TCO365SP179 Title,,,,,3/4/2016 2:28 AM,,,,,,,,,TCO365SP180 !@#$%^&*()-+=<>?&:;/\,,,,,,,,,,,,,,,,,,,,,,,,,,,,,,,,,,Blog,Comment,Created,Comments,/subSiteLevelLists/blog/Lists/Comments,Create a comment with Special Characters
TCO365SP181,SiteTemplate,Blog,,Add Comment,,1457088230000,1457087298000,,TCO365SP179 Title,,,,,3/4/2016 2:28 AM,,,,,,,,,TCO365SP181 Alphanumeric1234567890,,,,,,,,,,,,,,,,,,,,,,,,,,,,,,,,,,Blog,Comment,Created,Comments,/subSiteLevelLists/blog/Lists/Comments,Create a comment with Alpha Numeric values
TCO365SP183,SiteTemplate,Blog,,Add Comment,,1457088419000,1457087298000,,TCO365SP179 Title,,,,,3/4/2016 2:28 AM,,,,,,,,,TCO365SP183 Max characters - 1111111111111111111111111111111111111111111111111111111111111112222222222222222222222222222222222222222222222222222222222222222222222222222222233333333333333333333333333333333333333333333333333333334444444444444444444444444444,,,,,,,,,,,,,,,,,,,,,,,,,,,,,,,,,,Blog,Comment,Created,Comments,/subSiteLevelLists/blog/Lists/Comments,Create a comment with Maximum Characters
TCO365SP184,SiteTemplate,Blog,,Edit Comment,Title,1457093278000,1457087298000,,TCO365SP179 Title,,TCO365SP184 Comment,,,3/4/2016 2:28 AM,,,,,,,,,TCO365SP184 इंग्रजी भाषेत काही मूल्य,,,,,,,,,,,,,,,,,,,,,,,,,,,,,,,,,,Blog,Comment,Updated,Comments,/subSiteLevelLists/blog/Lists/Comments,Edit Comment with Multibyte Characters
TCO365SP185,SiteTemplate,Blog,,Edit Comment,Title,1457093477000,1457087298000,,TCO365SP179 Title,,TCO365SP185 Comment,,,3/4/2016 2:28 AM,,,,,,,,,TCO365SP185 !@#$%^&*()-+=<>?&:;/\,,,,,,,,,,,,,,,,,,,,,,,,,,,,,,,,,,Blog,Comment,Updated,Comments,/subSiteLevelLists/blog/Lists/Comments,Edit Comment with Special Characters
TCO365SP186,SiteTemplate,Blog,,Edit Comment,Title,1457093736000,1457087298000,,TCO365SP179 Title,,TCO365SP186 Comment,,,3/4/2016 2:28 AM,,,,,,,,,TCO365SP186 Alphanumeric1234567890,,,,,,,,,,,,,,,,,,,,,,,,,,,,,,,,,,Blog,Comment,Updated,Comments,/subSiteLevelLists/blog/Lists/Comments,Edit Comment with Alpha Numeric values
TCO365SP188,SiteTemplate,Blog,,Edit Comment,Title,1457093964000,1457087298000,,TCO365SP179 Title,,TCO365SP188 Comment,,,3/4/2016 2:28 AM,,,,,,,,,TCO365SP188 Max characters - 1111111111111111111111111111111111111111111111111111111111111112222222222222222222222222222222222222222222222222222222222222222222222222222222233333333333333333333333333333333333333333333333333333334444444444444444444444444444,,,,,,,,,,,,,,,,,,,,,,,,,,,,,,,,,,Blog,Comment,Updated,Comments,/subSiteLevelLists/blog/Lists/Comments,Edit comment with Maximum Characters
TCO365SP189,SiteTemplate,Blog,,Edit Comment,Body,1457094578000,1457087298000,,TCO365SP179 Title,,TCO365SP189 इंग्रजी भाषेत काही मूल्य,,,3/4/2016 2:28 AM,,,,,,,,,TCO365SP189 Title,,,,,,,,,,,,,,,,,,,,,,,,,,,,,,,,,,Blog,Comment,Updated,Comments,/subSiteLevelLists/blog/Lists/Comments,Edit Comment Body with Multibyte Characters
TCO365SP190,SiteTemplate,Blog,,Edit Comment,Body,1457094812000,1457087298000,,TCO365SP179 Title,,TCO365SP190 !@#$%^&*()-+=<>?&:;/\,,,3/4/2016 2:28 AM,,,,,,,,,TCO365SP190 Comment,,,,,,,,,,,,,,,,,,,,,,,,,,,,,,,,,,Blog,Comment,Updated,Comments,/subSiteLevelLists/blog/Lists/Comments,Edit Comment Body with Special Characters
TCO365SP191,SiteTemplate,Blog,,Edit Comment,Body,1457095030000,1457087298000,,TCO365SP179 Title,,TCO365SP191 Alphanumeric1234567890,,,3/4/2016 2:28 AM,,,,,,,,,TCO365SP191 Comment,,,,,,,,,,,,,,,,,,,,,,,,,,,,,,,,,,Blog,Comment,Updated,Comments,/subSiteLevelLists/blog/Lists/Comments,Edit Comment Body with Alpha Numeric values
TCO365SP193,SiteTemplate,Blog,,Edit Comment,Body,1457097219000,1457087298000,,TCO365SP179 Title,,TCO365SP193 Max characters - 1111111111111111111111111111111111111111111111111111111111111112222222222222222222222222222222222222222222222222222222222222222222222222222222233333333333333333333333333333333333333333333333333333334444444444444444444444444444,,,3/4/2016 2:28 AM,,,,,,,,,TCO365SP193 Comment,,,,,,,,,,,,,,,,,,,,,,,,,,,,,,,,,,Blog,Comment,Updated,Comments,/subSiteLevelLists/blog/Lists/Comments,Edit Comment Body with Maximum Characters
TCO365SP195,SiteTemplate,Blog,,Edit Post,All Fields,1457097513000,,,TCO365SP195 Title Updated,,TCO365SP195 Body Updated,,,3/4/2016 5:17 AM,,,,,,,Ideas,,,,,,,,,,,,,,,,,,,,,,,,,,,,,,,,,,,,Blog,Post,Updated,Posts,/subSiteLevelLists/blog/Lists/Posts,Edit a Blog Post
TCO365SP198,SiteTemplate,Blog,,Create Blog Comment,All Fields,1457097904000,,,TCO365SP198 Title,,TCO365SP198 Body,,,,,,,,,,,,,,,,,,,,,,,,,,,,,,,,,,,,,,,,,,,,,,Blog,Comment,Created,Comments,/subSiteLevelLists/blog/Lists/Comments,Create a Blog Comment
TCO365SP199,SiteTemplate,Blog,,Create Blog Comment,Title,1457098201000,,,TCO365SP199 इंग्रजी भाषेत काही मूल्य,,TCO365SP199 Body,,,,,,,,,,,,,,,,,,,,,,,,,,,,,,,,,,,,,,,,,,,,,,Blog,Comment,Created,Comments,/subSiteLevelLists/blog/Lists/Comments,Create a Blog Comment with Multibyte Characters
TCO365SP200,SiteTemplate,Blog,,Create Blog Comment,Title,1457098345000,,,TCO365SP200 !@#$%^&*()-+=<>?&:;/\,,TCO365SP200 Body,,,,,,,,,,,,,,,,,,,,,,,,,,,,,,,,,,,,,,,,,,,,,,Blog,Comment,Created,Comments,/subSiteLevelLists/blog/Lists/Comments,Create a Blog Comment with Special Characters
TCO365SP201,SiteTemplate,Blog,,Create Blog Comment,Title,1457098456000,,,TCO365SP201 Alphanumeric1234567890,,TCO365SP201 Body,,,,,,,,,,,,,,,,,,,,,,,,,,,,,,,,,,,,,,,,,,,,,,Blog,Comment,Created,Comments,/subSiteLevelLists/blog/Lists/Comments,Create a Blog Comment with Alpha Numeric values
TCO365SP203,SiteTemplate,Blog,,Create Blog Comment,Title,1457098631000,,,TCO365SP203 Max characters - 1111111111111111111111111111111111111111111111111111111111111112222222222222222222222222222222222222222222222222222222222222222222222222222222233333333333333333333333333333333333333333333333333333334444444444444444444444444444,,TCO365SP203 Body,,,,,,,,,,,,,,,,,,,,,,,,,,,,,,,,,,,,,,,,,,,,,,Blog,Comment,Created,Comments,/subSiteLevelLists/blog/Lists/Comments,Create a Blog Comment with Maximum Characters
TCO365SP204,SiteTemplate,Blog,,Create Blog Comment,Body,1457098801000,,,TCO365SP204 Title,,TCO365SP204 इंग्रजी भाषेत काही मूल्य,,,,,,,,,,,,,,,,,,,,,,,,,,,,,,,,,,,,,,,,,,,,,,Blog,Comment,Created,Comments,/subSiteLevelLists/blog/Lists/Comments,Create a Blog Comment with Multibyte Characters in Body
TCO365SP205,SiteTemplate,Blog,,Create Blog Comment,Body,1457098918000,,,TCO365SP205 Title,,TCO365SP205 !@#$%^&*()-+=<>?&:;/\,,,,,,,,,,,,,,,,,,,,,,,,,,,,,,,,,,,,,,,,,,,,,,Blog,Comment,Created,Comments,/subSiteLevelLists/blog/Lists/Comments,Create a Blog Comment with Special Characters in Body
TCO365SP206,SiteTemplate,Blog,,Create Blog Comment,Body,1457099060000,,,TCO365SP206 Title,,TCO365SP206 Alphanumeric1234567890,,,,,,,,,,,,,,,,,,,,,,,,,,,,,,,,,,,,,,,,,,,,,,Blog,Comment,Created,Comments,/subSiteLevelLists/blog/Lists/Comments,Create a Blog Comment with Alpha Numeric values in Body
TCO365SP208,SiteTemplate,Blog,,Create Blog Comment,Body,1457099190000,,,TCO365SP208 Title,,TCO365SP208 Max characters - 1111111111111111111111111111111111111111111111111111111111111112222222222222222222222222222222222222222222222222222222222222222222222222222222233333333333333333333333333333333333333333333333333333334444444444444444444444444444,,,,,,,,,,,,,,,,,,,,,,,,,,,,,,,,,,,,,,,,,,,,,,Blog,Comment,Created,Comments,/subSiteLevelLists/blog/Lists/Comments,Create a Blog Comment with Maximum Characters in Body
TCO365SP209,SiteTemplate,Blog,,Edit Blog Comment,All Fields,1457099367000,,,TCO365SP209 Title Updated,,TCO365SP209 Body Updated,,,,,,,,,,,,,,,,,,,,,,,,,,,,,,,,,,,,,,,,,,,,,,Blog,Comment,Updated,Comments,/subSiteLevelLists/blog/Lists/Comments,Edit a Blog Comment
TCO365SP212,SiteTemplate,Blog,,Create Blog Category,Title,1457334614000,,,TCO365SP212 Title,,,,,,,,,,,,,,,,,,,,,,,,,,,,,,,,,,,,,,,,,,,,,,,,Blog,Category,Created,Categories,/subSiteLevelLists/blog/Lists/Categories,Create a Blog Category
TCO365SP213,SiteTemplate,Blog,,Create Blog Category,Title,1457335001000,,,TCO365SP213 इंग्रजी भाषेत काही मूल्य,,,,,,,,,,,,,,,,,,,,,,,,,,,,,,,,,,,,,,,,,,,,,,,,Blog,Category,Created,Categories,/subSiteLevelLists/blog/Lists/Categories,Create a Blog Category with Multibyte Characters
TCO365SP214,SiteTemplate,Blog,,Create Blog Category,Title,1457335396000,,,TCO365SP214 !@#$%^&*()-+=<>?&:;/\,,,,,,,,,,,,,,,,,,,,,,,,,,,,,,,,,,,,,,,,,,,,,,,,Blog,Category,Created,Categories,/subSiteLevelLists/blog/Lists/Categories,Create a Blog Category with Special Characters
TCO365SP215,SiteTemplate,Blog,,Create Blog Category,Title,1457335932000,,,TCO365SP215 Alphanumeric1234567890,,,,,,,,,,,,,,,,,,,,,,,,,,,,,,,,,,,,,,,,,,,,,,,,Blog,Category,Created,Categories,/subSiteLevelLists/blog/Lists/Categories,Create a Blog Category with Alpha Numeric values
TCO365SP217,SiteTemplate,Blog,,Create Blog Category,Title,1457335786000,,,TCO365SP217 Max characters - 1111111111111111111111111111111111111111111111111111111111111112222222222222222222222222222222222222222222222222222222222222222222222222222222233333333333333333333333333333333333333333333333333333334444444444444444444444444444,,,,,,,,,,,,,,,,,,,,,,,,,,,,,,,,,,,,,,,,,,,,,,,,Blog,Category,Created,Categories,/subSiteLevelLists/blog/Lists/Categories,Create a Blog Category with Maximum Characters
TCO365SP218,SiteTemplate,Blog,,Edit Blog Category,Title,1457336085000,,,TCO365SP218 Title Updated,,,,,,,,,,,,,,,,,,,,,,,,,,,,,,,,,,,,,,,,,,,,,,,,Blog,Category,Updated,Categories,/subSiteLevelLists/blog/Lists/Categories,Edit a Blog Category
TCO365SP775,SiteTemplate,Project Site,,Create Site,,1457340278000,,,Project Site,,,,,,,,,,,,,,,,,,,,,,,,,,,,,,,,,,,,,,,,,,,,,,v4.master,,Master Page,,Created,Master Page Gallery,/subSiteLevelLists/projSite/_catalogs/masterpage,Create Project Site
TCO365SP776,SiteTemplate,Project Site,,Create Post,,1457289000000,,,TCO365SP776 Post,,,,,,,,,,,,,,,,,,,,,,,,,,,,,,,,,,,,,,,,,,,,,,,,NewsFeed,Post,Created,MicroFeed,/subSiteLevelLists/projSite/Lists/PublishedFeed,Create a Post
TCO365SP779,SiteTemplate,Project Site,,Create Task,All Fields,1457341254000,,TCO365SP779 Name,,,,,,,,,,TestUsers_Contribute,Not Started,(2) Normal,,,,,3/10/2016,,,0 %,,,,,,,,,,,,,,,,,,,,,,,,,,,,,Tasks,Item,Created,Tasks,/subSiteLevelLists/projSite/Lists/Tasks,Create Task
TCO365SP780,SiteTemplate,Project Site,,Edit Task,Title,1457344438000,,TCO365SP780 Name Updated,,,,TCO365SP780 description,,,,,,TestUsers_Contribute,Not Started,(2) Normal,,TCO365SP779 Name,,3/8/2016,3/10/2016,,,0 %,,,,,,,,,,,,,,,,,,,,,,,,,,,,,Tasks,Item,Updated,Tasks,/subSiteLevelLists/projSite/Lists/Tasks,Create Task
TCO365SP782,SiteTemplate,Community Site,,Create Site,,1457355872000,,,Community Site,,,,,,,,,,,,,,,,,,,,,,,,,,,,,,,,,,,,,,,,,,,,,,v4.master,,Master Page,,Created,Master Page Gallery,/subSiteLevelLists/commSite/_catalogs/masterpage,Create Community Site
TCO365SP783,SiteTemplate,Community Site,,Create Discussion,All Fields,1457356246000,,,,TCO365SP783 Subject,TCO365SP783 Body,,,,,true,,,,,General,,,,,,,,,,,,,,,,,,,,,,,,,,,,,,,,,,,,Discussion Board,Item,Created,Discussions List,/subSiteLevelLists/commSite/Lists/Community%20Discussion,Create a Discussion
TCO365SP784,SiteTemplate,Community Site,,Edit Discussion,Subject,1457356627000,,,,TCO365SP784 Subject Updated,TCO365SP784 Body,,,,,false,,,,,General,,,,,,,,,,,,,,,,,,,,,,,,,,,,,,,,,,,,Discussion Board,Item,Updated,Discussions List,/subSiteLevelLists/commSite/Lists/Community%20Discussion,Create a Discussion
TCO365SP786,SiteTemplate,Community Site,,Add Reply,,1457356920000,1457356906000,,,TCO365SP786 Subject,TCO365SP786 Body,,,,,false,TCO365SP786 Reply,,,,General,,,,,,,,,,,,,,,,,,,,,,,,,,,,,,,,,,,,Discussion Board,Reply,Created,Discussions List,/subSiteLevelLists/commSite/Lists/Community%20Discussion,Create a Discussion
TCO365SP787,SiteTemplate,Community Site,,Edit Reply,,1457357302000,1457357280000,,,TCO365SP787 Subject,TCO365SP787 Body,,,,,false,TCO365SP787 Reply Updated,,,,General,,,,,,,,,,,,,,,,,,,,,,,,,,,,,,,,,,,,Discussion Board,Reply,Updated,Discussions List,/subSiteLevelLists/commSite/Lists/Community%20Discussion,Create a Discussion
TCO365SP221,SiteTemplate,Enterprise Wiki,,Create Site,,1457342237000,,,EnterpriseWiki,,,,,,,,,,,,,,,,,,,,,,,,,,,,,,,,,,,,,,,,,,,,,,v4.master,,Master Page,,Created,Master Page Gallery,/subSiteLevelLists/enterWiki/_catalogs/masterpage,Create Enterprise Wiki Site
TCO365SP222,SiteTemplate,Enterprise Wiki,,Create Page,All Fields,1457345792000,,TCO365SP222 Name,,,TCO365SP222 Content,,,,,,,,,,,,,,,,,,,,,,,,,,,,,,,,,,,,,,,,,,,,TCO365SP222 Name.aspx,,Enterprise Wiki,Wiki Page,Updated,Pages,/subSiteLevelLists/enterWiki/Pages,Create Enterprise Wiki Page
TCO365SP223,SiteTemplate,Enterprise Wiki,,Create Page,Name,1457346364000,,TCO365SP223 इंग्रजी भाषेत काही मूल्य,,,,,,,,,,,,,,,,,,,,,,,,,,,,,,,,,,,,,,,,,,,,,,,TCO365SP223 इंग्रजी भाषेत काही मूल्य.aspx,,Enterprise Wiki,Wiki Page,Updated,Pages,/subSiteLevelLists/enterWiki/Pages,Create Enterprise Wiki Page with Name containing Multibyte Characters
TCO365SP225,SiteTemplate,Enterprise Wiki,,Create Page,Name,1457346696000,,TCO365SP225 Alphanumeric1234567890,,,,,,,,,,,,,,,,,,,,,,,,,,,,,,,,,,,,,,,,,,,,,,,TCO365SP225 Alphanumeric1234567890.aspx,,Enterprise Wiki,Wiki Page,Updated,Pages,/subSiteLevelLists/enterWiki/Pages,Create Enterprise Wiki Page with Name containing Alpha Numeric values
TCO365SP226,SiteTemplate,Enterprise Wiki,,Create Page,Name,1457346839000,,TCO365SP226 Max characters - 1111111111111111111111111111111111111111111111111111111111111112222222222222222222222222222222,,,,,,,,,,,,,,,,,,,,,,,,,,,,,,,,,,,,,,,,,,,,,,,TCO365SP226 Max characters - 11111111111111111111111111111111111111111111111111111111111111122222222.aspx,,Enterprise Wiki,Wiki Page,Updated,Pages,/subSiteLevelLists/enterWiki/Pages,Create Enterprise Wiki Page with Name containing Maximum Characters
TCO365SP228,SiteTemplate,Enterprise Wiki,,Create Page,Content,1457349861000,,TCO365SP228 Name,,,TCO365SP228 इंग्रजी भाषेत काही मूल्य,,,,,,,,,,,,,,,,,,,,,,,,,,,,,,,,,,,,,,,,,,,,TCO365SP228 Name.aspx,,Enterprise Wiki,Wiki Page,Updated,Pages,/subSiteLevelLists/enterWiki/Pages,Create Enterprise Wiki Page with Content containing Multibyte Characters
TCO365SP229,SiteTemplate,Enterprise Wiki,,Create Page,Content,1457350100000,,TCO365SP229 Name,,,TCO365SP229 !@#$%^&*()-+=<>?&:;/\,,,,,,,,,,,,,,,,,,,,,,,,,,,,,,,,,,,,,,,,,,,,TCO365SP229 Name.aspx,,Enterprise Wiki,Wiki Page,Updated,Pages,/subSiteLevelLists/enterWiki/Pages,Create Enterprise Wiki Page with Content containing Special Characters
TCO365SP230,SiteTemplate,Enterprise Wiki,,Create Page,Content,1457350268000,,TCO365SP230 Name,,,TCO365SP230 Alphanumeric1234567890,,,,,,,,,,,,,,,,,,,,,,,,,,,,,,,,,,,,,,,,,,,,TCO365SP230 Name.aspx,,Enterprise Wiki,Wiki Page,Updated,Pages,/subSiteLevelLists/enterWiki/Pages,Create Enterprise Wiki Page with Content containing Alpha Numeric values
TCO365SP232,SiteTemplate,Enterprise Wiki,,Create Page,Content,1457350425000,,TCO365SP232 Name,,,TCO365SP232 Max characters - 1111111111111111111111111111111111111111111111111111111111111112222222222222222222222222222222222222222222222222222222222222222222222222222222233333333333333333333333333333333333333333333333333333334444444444444444444444444444,,,,,,,,,,,,,,,,,,,,,,,,,,,,,,,,,,,,,,,,,,,,TCO365SP232 Name.aspx,,Enterprise Wiki,Wiki Page,Updated,Pages,/subSiteLevelLists/enterWiki/Pages,Create Enterprise Wiki Page with Content containing Maximum Characters
TCO365SP235,SiteTemplate,Enterprise Wiki,,Create Page,Content,1457350616000,,TCO365SP235 Name,,,TCO365SP235 https://www.google.co.in,,,,,,,,,,,,,,,,,,,,,,,,,,,,,,,,,,,,,,,,,,,,TCO365SP235 Name.aspx,,Enterprise Wiki,Wiki Page,Updated,Pages,/subSiteLevelLists/enterWiki/Pages,Create Enterprise Wiki Page with Content containing a Link
TCO365SP237,SiteTemplate,Enterprise Wiki,,Create Page,Upload File,1457350895000,1457350879000,TCO365SP237 Name,,,TCO365SP237 Content,,,,,,,,,,,,,,,,,,,,,,,,,,,,,,,,,,,,,,,,,,,,Desert.jpg,File - Image,Enterprise Wiki,Wiki Page,Updated,Pages,/subSiteLevelLists/enterWiki/Pages,Create Enterprise Wiki Page and Upload a File with size greater than 32KB
TCO365SP239,SiteTemplate,Enterprise Wiki,,Create Page,Upload File,1457351250000,1457351244000,TCO365SP239 Name,,,TCO365SP239 Content,,,,,,,,,,,,,,,,,,,,,,,,,,,,,,,,,,,,,,,,,,,,thor.jpg,File - Image,Enterprise Wiki,Wiki Page,Updated,Pages,/subSiteLevelLists/enterWiki/Pages,Create Enterprise Wiki Page and Upload a File with size less than 32KB
TCO365SP244,SiteTemplate,Enterprise Wiki,,Add Category,Content,1457352525000,,TCO365SP244 Name,,,TCO365SP244 Content,,,,,,,,,,TCO365SP244 इंग्रजी भाषेत काही मूल्य,,,,,,,,,,,,,,,,,,,,,,,,,,,,,,,,,,TCO365SP244 Name.aspx,,Enterprise Wiki,Wiki Page,Updated,Pages,/subSiteLevelLists/enterWiki/Pages,Create Enterprise Wiki Page
TCO365SP246,SiteTemplate,Enterprise Wiki,,Add Category,Content,1457352912000,,TCO365SP245 Name,,,TCO365SP246 Content,,,,,,,,,,TCO365SP246 Alphanumeric1234567890,,,,,,,,,,,,,,,,,,,,,,,,,,,,,,,,,,TCO365SP246 Name.aspx,,Enterprise Wiki,Wiki Page,Updated,Pages,/subSiteLevelLists/enterWiki/Pages,Create Enterprise Wiki Page
TCO365SP247,SiteTemplate,Enterprise Wiki,,Add Category,Content,1457353100000,,TCO365SP247 Name,,,TCO365SP247 Content,,,,,,,,,,TCO365SP247 Max characters - 1111111111111111111111111111111111111111111111111111111111111112222222222222222222222222222222222222222222222222222222222222222222222222222222233333333333333333333333333333333333333333333333333333334444444444444444444444444444,,,,,,,,,,,,,,,,,,,,,,,,,,,,,,,,,,TCO365SP247 Name.aspx,,Enterprise Wiki,Wiki Page,Updated,Pages,/subSiteLevelLists/enterWiki/Pages,Create Enterprise Wiki Page
TCO365SP471,Other Apps,Microfeed,,Create Post,,1457375400000,,,TCO365SP471 इंग्रजी भाषेत काही मूल्य,,,,,,,,,,,,,,,,,,,,,,,,,,,,,,,,,,,,,,,,,,,,,,,,NewsFeed,Post,Created,MicroFeed,/subSiteLevelLists/Lists/PublishedFeed,Create a MicroFeed with Multibyte Characters
TCO365SP472,Other Apps,Microfeed,,Create Post,,1457375400000,,,TCO365SP472 !@#$%^&*()-+=<>?&:;/\,,,,,,,,,,,,,,,,,,,,,,,,,,,,,,,,,,,,,,,,,,,,,,,,NewsFeed,Post,Created,MicroFeed,/subSiteLevelLists/Lists/PublishedFeed,Create a MicroFeed with Special Characters
TCO365SP473,Other Apps,Microfeed,,Create Post,,1457417597164,,,TCO365SP473 Alphanumeric1234567890,,,,,,,,,,,,,,,,,,,,,,,,,,,,,,,,,,,,,,,,,,,,,,,,NewsFeed,Post,Created,MicroFeed,/subSiteLevelLists/Lists/PublishedFeed,Create a MicroFeed with Alpha Numeric Characters
TCO365SP474,Other Apps,Microfeed,,Create Post,,1457417727144,,,TCO365SP474 Max characters - 1111111111111111111111111111111111111111111111111111111111111122222222222222222222222222222222222222222222222222222222222222222222222222222222333333333333333333333333333333333333333333333333333333344444444444444444444444444444,,,,,,,,,,,,,,,,,,,,,,,,,,,,,,,,,,,,,,,,,,,,,,,,NewsFeed,Post,Created,MicroFeed,/subSiteLevelLists/Lists/PublishedFeed,Create a MicroFeed with Maximum Characters
TCO365SP481,Other Apps,Microfeed,,Reply Post,,1457418076000,1457375400000,,TCO365SP481 Post,,,,,,,,TCO365SP481 Reply,,,,,,,,,,,,,,,,,,,,,,,,,,,,,,,,,,,,,,,,NewsFeed,Reply,Created,MicroFeed,/subSiteLevelLists/Lists/PublishedFeed,Reply to a MicroFeed
TCO365SP27,SiteTemplate,Enterprise Search Center,,Create Site,,1457418926000,,,Enterprise Search,,,,,,,,,,,,,,,,,,,,,,,,,,,,,,,,,,,,,,,,,,,,,,v4.master,,Master Page,,Created,Master Page Gallery,/subSiteLevelLists/enterSea/_catalogs/masterpage,Create Enterprise Search Center Site
TCO365SP28,SiteTemplate,Basic Search Center,,Create Site,,1457419060000,,,Basic Search,,,,,,,,,,,,,,,,,,,,,,,,,,,,,,,,,,,,,,,,,,,,,,v4.master,,Master Page,,Created,Master Page Gallery,/subSiteLevelLists/basicSea/_catalogs/masterpage,Create Basic Search Center Site
TCO365SP29,SiteTemplate,Visio Process Repository,,Create Site,,1457420341000,,,Visio Process Repository,,,,,,,,,,,,,,,,,,,,,,,,,,,,,,,,,,,,,,,,,,,,,,v4.master,,Master Page,,Created,Master Page Gallery,/subSiteLevelLists/visProRep/_catalogs/masterpage,Create Visio Process Repository Site
TCO365SP23,SiteTemplate,Publishing Site,,Create Site,,1457421340000,,,Publishing Site,,,,,,,,,,,,,,,,,,,,,,,,,,,,,,,,,,,,,,,,,,,,,,v4.master,,Master Page,,Created,Master Page Gallery,/subSiteLevelLists/publishSite/_catalogs/masterpage,Publish Site
TCO365SP24,SiteTemplate,Publishing Site,,Publish Site,,1457421537000,,,Home,,,,,,,,,,,,,,,,,,,,,,,,,,,,,,,,,,,,,,,,,,,,,,,,Welcome Page,,Updated,Pages,/subSiteLevelLists/publishSite/Pages,Publish Site
TCO365SP25,SiteTemplate,Publishing Site With Wrokflow,,Create Site,,1457422102000,,,Publishing Site With Wrokflow,,,,,,,,,,,,,,,,,,,,,,,,,,,,,,,,,,,,,,,,,,,,,,v4.master,,Master Page,,Created,Master Page Gallery,/subSiteLevelLists/pubSiteWorkFlow/_catalogs/masterpage,Create Basic Search Center Site
TCO365SP26,SiteTemplate,Publishing Site With Wrokflow,,Publish Site,,1457422417000,,,Home,,,,,,,,,,,,,,,,,,,,,,,,,,,,,,,,,,,,,,,,,,,,,,,,Welcome Page,,Updated,Pages,/subSiteLevelLists/pubSiteWorkFlow/Pages,Publish Site
TCO365SP17,SiteTemplate,Document Center,,Upload a Document,,1458126507000,,,readme.txt,,,,,,,,,,,,,,,,,,,,,,,,,,,,,,,,,,,,,,,,,,,,,,readme.txt,,File - All Other,File,Updated,Documents,/subSiteLevelLists/documentCen/Documents,Upload a document
TCO365SP7,SiteTemplate,Document Work Space,,Create Site,,1458130328000,,,Document Work Space,,,,,,,,,,,,,,,,,,,,,,,,,,,,,,,,,,,,,,,,,,,,,,v4.master,,Master Page,,Created,Master Page Gallery,/subSiteLevelLists/Decument%20For%20Work%20Space/_catalogs/masterpage,Create Document Work Space Site