TestCaseNo.,Feature,Type,Action,SubAction,Time1,Time2,Name,Title,Subject,Body,Description,Expires,Address,IsQuestion,Reply,AssignedTo,IssueStatus,Priority,Category,RelatedIssues,Comments,StartDate,DueDate,URL,Notes,PercentageCompletion,Question,Answer,isResponseRequired?,enforceUnique?,Choice1,Choice2,Choice3,DisplayChoiceUsing,FillIn?,DefaultValue,Responce,File,FileType,ContentType,ContentSubType,ActionType,TestScenario
TCO365SP254,Lists,Announcements,Create new item,All fields,1454500281000,,,TCO365SP254 Title Value,,TCO365SP254 Body value,,2/4/2016,,,,,,,,,,,,,,,,,,,,,,,,,,,,Announcements,,Created,Provide Values for all fields
TCO365SP255,Lists,Announcements,Create new item,Mandatory,1454501379000,,,TCO365SP255 Title Value,,,,,,,,,,,,,,,,,,,,,,,,,,,,,,,,Announcements,,Created,Provide only Mandatory fields
TCO365SP256,Lists,Announcements,Create new item,Title,1454501946000,,,TCO365SP256 इंग्रजी भाषेत काही मूल्य,,,,,,,,,,,,,,,,,,,,,,,,,,,,,,,,Announcements,,Created,Multibyte Characters
TCO365SP257,Lists,Announcements,Create new item,Title,1454502167000,,,TCO365SP257 !@#$%^&*()-+=,,,,,,,,,,,,,,,,,,,,,,,,,,,,,,,,Announcements,,Created,Special Characters
TCO365SP258,Lists,Announcements,Create new item,Title,1454502876000,,,TCO365SP258 Alphanumeric1234567890,,,,,,,,,,,,,,,,,,,,,,,,,,,,,,,,Announcements,,Created,Alpha numeric
TCO365SP260,Lists,Announcements,Create new item,Title,1454503383000,,,TCO365SP260 Max characters - 1111111111111111111111111111111111111111111111111111111111111112222222222222222222222222222222222222222222222222222222222222222222222222222222233333333333333333333333333333333333333333333333333333334444444444444444444444444444,,,,,,,,,,,,,,,,,,,,,,,,,,,,,,,,Announcements,,Created,Maximum Characters
TCO365SP261,Lists,Announcements,Create new item,Title,1454503617000,,,TCO365SP261 Title Value,,,,,,,,,,,,,,,,,,,,,,,,,,,,,,Chrysanthemum.jpg,File - All Other,Announcements,,Created,Attach File
TCO365SP262,Lists,Announcements,Create new item,Body,1454504167000,,​,TCO365SP262 Title,,​TCO365SP262 Body इंग्रजी भाषेत काही मूल्य,,,,,,,,,,,,,,,,,,,,,,,,,,,,,,Announcements,,Created,Multibyte Characters in Body
TCO365SP263,Lists,Announcements,Create new item,Body,1454504668000,,,TCO365SP263 Title,,TCO365SP263 Body !@#$%^&*()-+=<>?&:;/\,,,,,,,,,,,,,,,,,,,,,,,,,,,,,,Announcements,,Created,Special Characters
TCO365SP264,Lists,Announcements,Create new item,Body,1454504733000,,,TCO365SP264 Title,,TCO365SP264 Body 1234567890,,,,,,,,,,,,,,,,,,,,,,,,,,,,,,Announcements,,Created,Alpha numeric
TCO365SP265,Lists,Announcements,Create new item,Body,1454505105000,,,TCO365SP265 Title,, ,,,,,,,,,,,,,,,,,,,,,,,,,,,,,,Announcements,,Created,Blank field
TCO365SP269,Lists,Announcements,Create new item,Body,1454505347000,,,TCO365SP269 Title,,TCO365SP269 Body https://www.google.co.in,,,,,,,,,,,,,,,,,,,,,,,,,,,,,,Announcements,,Created,Link
TCO365SP274,Lists,Announcements,Create new item,File type,1454506847000,1454506852000,,TCO365SP274 Title,,TCO365SP274 Body,,,,,,,,,,,,,,,,,,,,,,,,,,,,thor.jpg,File - All Other,Announcements,,Created,Less than 32Kb file
TCO365SP275,Lists,Announcements,Create new item,File type,1454506217000,1454506226000,,TCO365SP275 Title,,TCO365SP275 Body,,,,,,,,,,,,,,,,,,,,,,,,,,,,Desert.jpg,File - All Other,Announcements,,Created,More than 32Kb file
TCO365SP277,Lists,Announcements,Create new item,Expires,1454505777000,,,TCO365SP277 Title,,TCO365SP277 Body,,2/4/2016,,,,,,,,,,,,,,,,,,,,,,,,,,,,Announcements,,Created,Expires Date
TCO365SP278,Lists,Announcements,Create new item,Edit,1454576657000,,,TCO365SP278 Title Updated,,Body Updated,,,,,,,,,,,,,,,,,,,,,,,,,,,,,,Announcements,,Updated,Edit Item
TCO365SP280,Lists,Discussion Board,Create new item,All fields,1454653891000,,,,TCO365SP280 Title,TCO365SP280 Body,,,,Yes,,,,,,,,,,,,,,,,,,,,,,,,,,Discussion Board,,Created,Provide Values for all fields
TCO365SP281,Lists,Discussion Board,Create new item,Mandatory,1454654243000,,,,TCO365SP281 Title,,,,,,,,,,,,,,,,,,,,,,,,,,,,,,,Discussion Board,,Created,Provide only mandatory fields
TCO365SP283,Lists,Discussion Board,Create new item,Subject,1454654425000,,,,TCO365SP283 इंग्रजी भाषेत काही मूल्य,,,,,,,,,,,,,,,,,,,,,,,,,,,,,,,Discussion Board,,Created,Multibyte characters
TCO365SP282,Lists,Discussion Board,Create new item,Subject,1454654583000,,,,TCO365SP282 !@#$%^&*()-+=<>?&:;/\,,,,,,,,,,,,,,,,,,,,,,,,,,,,,,,Discussion Board,,Created,Special Characters
TCO365SP284,Lists,Discussion Board,Create new item,Subject,1454655115000,,,,TCO365SP284 Alphanumeric1234567890,,,,,,,,,,,,,,,,,,,,,,,,,,,,,,,Discussion Board,,Created,Alpha numeric values
TCO365SP286,Lists,Discussion Board,Create new item,Subject,1454655589000,,,,TCO365SP286 Max characters - 1111111111111111111111111111111111111111111111111111111111111112222222222222222222222222222,,,,,,,,,,,,,,,,,,,,,,,,,,,,,,,Discussion Board,,Created,Provide Maximum Characters
TCO365SP288,Lists,Discussion Board,Create new item,Body,1454655917000,,,,TCO365SP288 Subject,TCO365SP288 इंग्रजी भाषेत काही मूल्य,,,,,,,,,,,,,,,,,,,,,,,,,,,,,,Discussion Board,,Created,Provide Multibyte Characters
TCO365SP289,Lists,Discussion Board,Create new item,Body,1454656067000,,,,TCO365SP289 Subject,TCO365SP289 Body !@#$%^&*()-+=<>?&:;/\,,,,,,,,,,,,,,,,,,,,,,,,,,,,,,Discussion Board,,Created,Provide Special Characters
TCO365SP290,Lists,Discussion Board,Create new item,Body,1454656194000,,,,TCO365SP290 Subject,TCO365SP290 Body Alphanumeric1234567890,,,,,,,,,,,,,,,,,,,,,,,,,,,,,,Discussion Board,,Created,Provide Alpha numeric characters
TCO365SP292,Lists,Discussion Board,Create new item,Body,1454656430000,,,,TCO365SP292 Subject,TCO365SP292 Max characters - 1111111111111111111111111111111111111111111111111111111111111112222222222222222222222222222222222222222222222222222222222222222222222222222222233333333333333333333333333333333333333333333333333333334444444444444444444444444444,,,,,,,,,,,,,,,,,,,,,,,,,,,,,,Discussion Board,,Created,Provide Maximum characters
TCO365SP295,Lists,Discussion Board,Create new item,Body,1454656782000,,,,TCO365SP295 Subject,TCO365SP295 Body https://www.google.co.in,,,,,,,,,,,,,,,,,,,,,,,,,,,,,,Discussion Board,,Created,Provide Link
TCO365SP297,Lists,Discussion Board,Create new item,Body,1454657077000,1454657082000,,,TCO365SP297 Subject,TCO365SP297 Body,,,,,,,,,,,,,,,,,,,,,,,,,,,,Desert.jpg,File - All Other,Discussion Board,,Created,Upload File More than 32Kb
TCO365SP299,Lists,Discussion Board,Create new item,Body,1454657766000,1454657769000,,,TCO365SP299 Subject,TCO365SP299 Body,,,,,,,,,,,,,,,,,,,,,,,,,,,,thor.jpg,File - All Other,Discussion Board,,Created,Upload File Less than 32Kb
TCO365SP303,Lists,Discussion Board,Create new item,Question,1454660758000,,,,TCO365SP303 Subject,,,,,Yes,,,,,,,,,,,,,,,,,,,,,,,,,,Discussion Board,,Created,Select Question
TCO365SP304,Lists,Discussion Board,Create new item,Question,1454661313000,,,,TCO365SP304 Subject,,,,,No,,,,,,,,,,,,,,,,,,,,,,,,,,Discussion Board,,Created,No Question
TCO365SP305,Lists,Discussion Board,Edit item,Edit,1454661601000,,,,TCO365SP305 Subject Updated,TCO365SP305 Body Updated,,,,Yes,,,,,,,,,,,,,,,,,,,,,,,,,,Discussion Board,,Updated,Edit item
TCO365SP307,Lists,Discussion Board,Add Reply,,1454662940000,1454663212000,,,TCO365SP307 Subject,TCO365SP307 Body,,,,,TCO365SP307 Reply,,,,,,,,,,,,,,,,,,,,,,,,,Discussion Board,Reply,Created,Add Reply
TCO365SP308,Lists,Discussion Board,Add Reply,Body,1454663863000,1454663969000,,,TCO365SP308 Subject,TCO365SP308 Body,,,,,TCO365SP308 Reply,,,,,,,,,,,,,,,,,,,,,,,,,Discussion Board,Reply,Created,Add Reply in Body
TCO365SP309,Lists,Discussion Board,Add Reply,Body,1454664190000,1454664343000,,,TCO365SP309 Subject,TCO365SP309 Body,,,,,TCO365SP309 Reply इंग्रजी भाषेत काही मूल्य,,,,,,,,,,,,,,,,,,,,,,,,,Discussion Board,Reply,Created,Reply Multibyte Characters
TCO365SP310,Lists,Discussion Board,Add Reply,Body,1454664486000,1454664612000,,,TCO365SP310 Subject,TCO365SP310 Body,,,,,TCO365SP310 Reply!@#$%^&*()-+=<>?&:;/\,,,,,,,,,,,,,,,,,,,,,,,,,Discussion Board,Reply,Created,Reply Special Characters
TCO365SP311,Lists,Discussion Board,Add Reply,Body,1454664759000,1454664845000,,,TCO365SP311 Subject,TCO365SP311 Body,,,,,TCO365SP311 Reply Alphanumeric1234567890,,,,,,,,,,,,,,,,,,,,,,,,,Discussion Board,Reply,Created,Reply Alpha numeric
TCO365SP312,Lists,Discussion Board,Add Reply,Body,1454664975000,1454665173000,,,TCO365SP312 Subject,TCO365SP312 Body,,,,,TCO365SP312 Reply MaxChars - 1111111111111111111111111111111111111111111111111111111111111112222222222222222222222222222222222222222222222222222222222222222222222222222222233333333333333333333333333333333333333333333333333333334444444444444444444444444444,,,,,,,,,,,,,,,,,,,,,,,,,Discussion Board,Reply,Created,Reply Maximum Characters
TCO365SP315,Lists,Discussion Board,Add Reply,Body,1454665319000,1454665427000,,,TCO365SP315 Subject,TCO365SP315 Body,,,,,TCO365SP315 Reply https://www.google.co.in,,,,,,,,,,,,,,,,,,,,,,,,,Discussion Board,Reply,Created,Reply Link
TCO365SP318,Lists,Discussion Board,Add Reply,Upload File,1454665552000,1454665721000#1454665724000,,,TCO365SP318 Subject,TCO365SP318 Body,,,,,TCO365SP318 Reply,,,,,,,,,,,,,,,,,,,,,,,thor.jpg,File - All Other,Discussion Board,Reply,Created,Upload File Less than 32Kb in Reply
TCO365SP320,Lists,Discussion Board,Add Reply,Upload File,1454666157000,1454666270000#1454666275000,,,TCO365SP320 Subject,TCO365SP320 Body,,,,,TCO365SP320 Reply,,,,,,,,,,,,,,,,,,,,,,,Desert.jpg,File - All Other,Discussion Board,Reply,Created,Upload File More than 32Kb in Reply
TCO365SP327,Lists,Discussion Board,Edit Reply,Body,1454666621000,1454666810000,,,TCO365SP327 Subject,TCO365SP327 Body,,,,,TCO365SP327 Reply Updated,,,,,,,,,,,,,,,,,,,,,,,,,Discussion Board,Reply,Updated,Edit Reply
TCO365SP329,Lists,Issue Tracking,Create new item,All values,1454915344000,,,TCO365SP329 Title,,,TCO365SP329 Description,,,,,TestUsers_Contribute,Active,(2) Normal,(2) Category2,,TCO365SP329 Comments,,2/10/2016 12:00 AM,,,,,,,,,,,,,,,,,Issue,,Created,Create new item
TCO365SP330,Lists,Issue Tracking,Create new item,Mandatory,1454916378000,,,TCO365SP330 Title,,,,,,,,,Active,(2) Normal,,TCO365SP329 Title,,,,,,,,,,,,,,,,,,,,Issue,,Created,Create new item with mandatory fields
TCO365SP331,Lists,Issue Tracking,Create new item,Title,1454916765000,,,TCO365SP331 इंग्रजी भाषेत काही मूल्य,,,,,,,,,Active,(2) Normal,,TCO365SP329 Title,,,,,,,,,,,,,,,,,,,,Issue,,Created,Multibyte characters
TCO365SP332,Lists,Issue Tracking,Create new item,Title,1454917084000,,,TCO365SP332 !@#$%^&*()-+=<>?&:;/\,,,,,,,,,Active,(2) Normal,,TCO365SP329 Title,,,,,,,,,,,,,,,,,,,,Issue,,Created,Special characters
TCO365SP333,Lists,Issue Tracking,Create new item,Title,1454917480000,,,TCO365SP333 Alphanumeric1234567890,,,,,,,,,Active,(2) Normal,,TCO365SP329 Title,,,,,,,,,,,,,,,,,,,,Issue,,Created,Alpha numeric values
TCO365SP335,Lists,Issue Tracking,Create new item,Title,1454917725000,,,TCO365SP335 Max characters - 1111111111111111111111111111111111111111111111111111111111111112222222222222222222222222222222222222222222222222222222222222222222222222222222233333333333333333333333333333333333333333333333333333334444444444444444444444444444,,,,,,,,,Active,(2) Normal,,TCO365SP329 Title,,,,,,,,,,,,,,,,,,,,Issue,,Created,Maximum characters
TCO365SP336,Lists,Issue Tracking,Create new item,Status,1454918951000,,,TCO365SP336 Title,,,,,,,,,Active,(2) Normal,,TCO365SP329 Title,,,,,,,,,,,,,,,,,,,,Issue,,Created,Issue Status as Active
TCO365SP337,Lists,Issue Tracking,Create new item,Status,1454918729000,,,TCO365SP337 Title,,,,,,,,,Resolved,(2) Normal,,TCO365SP329 Title,,,,,,,,,,,,,,,,,,,,Issue,,Created,Issue Status as Active
TCO365SP338,Lists,Issue Tracking,Create new item,Status,1454919106000,,,TCO365SP338 Title,,,,,,,,,Closed,(2) Normal,,TCO365SP329 Title,,,,,,,,,,,,,,,,,,,,Issue,,Created,Issue Status as Active
TCO365SP339,Lists,Issue Tracking,Create new item,Priority,1454922244000,,,TCO365SP339 Title,,,,,,,,,Active,(2) Normal,,TCO365SP329 Title,,,,,,,,,,,,,,,,,,,,Issue,,Created,Issue Priority as Normal
TCO365SP340,Lists,Issue Tracking,Create new item,Priority,1454922395000,,,TCO365SP340 Title,,,,,,,,,Active,(1) High,,TCO365SP329 Title,,,,,,,,,,,,,,,,,,,,Issue,,Created,Issue Priority as High
TCO365SP341,Lists,Issue Tracking,Create new item,Priority,1454922590000,,,TCO365SP341 Title,,,,,,,,,Active,(3) Low,,TCO365SP329 Title,,,,,,,,,,,,,,,,,,,,Issue,,Created,Issue Priority as Low
TCO365SP342,Lists,Issue Tracking,Create new item,Description,1454922960000,,,TCO365SP342 Title,,,TCO365SP342 इंग्रजी भाषेत काही मूल्य,,,,,,Active,(2) Normal,,TCO365SP329 Title,,,,,,,,,,,,,,,,,,,,Issue,,Created,Multibyte characters
TCO365SP343,Lists,Issue Tracking,Create new item,Description,1454923327000,,,TCO365SP343 Title,,,TCO365SP343 !@#$%^&*()-+=<>?&:;/\,,,,,,Active,(2) Normal,,TCO365SP329 Title,,,,,,,,,,,,,,,,,,,,Issue,,Created,Special Characters
TCO365SP344,Lists,Issue Tracking,Create new item,Description,1454923489000,,,TCO365SP344 Title,,,TCO365SP344 Alphanumeric1234567890,,,,,,Active,(2) Normal,,TCO365SP329 Title,,,,,,,,,,,,,,,,,,,,Issue,,Created,Alpha numeric characters
TCO365SP346,Lists,Issue Tracking,Create new item,Description,1454923907000,,,TCO365SP346 Title,,,TCO365SP346 Max characters - 1111111111111111111111111111111111111111111111111111111111111112222222222222222222222222222222222222222222222222222222222222222222222222222222233333333333333333333333333333333333333333333333333333334444444444444444444444444444,,,,,,Active,(2) Normal,,TCO365SP329 Title,,,,,,,,,,,,,,,,,,,,Issue,,Created,Maximum characters
TCO365SP347,Lists,Issue Tracking,Create new item,Description,1454924114000,,,TCO365SP347 Title,,,TCO365SP347 Description,,,,,,Active,(2) Normal,,TCO365SP329 Title,,,,,,,,,,,,,,,,,,Desert.jpg,File - All Other,Issue,,Created,Upload File More than 32Kb
TCO365SP348,Lists,Issue Tracking,Create new item,Description,1454935811000,,,TCO365SP348 Title,,,TCO365SP348 Description,,,,,,Active,(2) Normal,,TCO365SP329 Title,,,,,,,,,,,,,,,,,,thor.jpg,File - All Other,Issue,,Created,Upload File Less than 32Kb
TCO365SP350,Lists,Issue Tracking,Create new item,Comments,1454925860000,,,TCO365SP350 Title,,,,,,,,,Active,(2) Normal,,TCO365SP329 Title,TCO365SP350 इंग्रजी भाषेत काही मूल्य,,,,,,,,,,,,,,,,,,,Issue,,Created,Multibyte characters
TCO365SP351,Lists,Issue Tracking,Create new item,Comments,1454926084000,,,TCO365SP351 Title,,,,,,,,,Active,(2) Normal,,TCO365SP329 Title,TCO365SP351 !@#$%^&*()-+=<>?&:;/\,,,,,,,,,,,,,,,,,,,Issue,,Created,Special characters
TCO365SP352,Lists,Issue Tracking,Create new item,Comments,1454926472000,,,TCO365SP352 Title,,,,,,,,,Active,(2) Normal,,TCO365SP329 Title,TCO365SP352 Alphanumeric1234567890,,,,,,,,,,,,,,,,,,,Issue,,Created,Alpha numeric characters
TCO365SP354,Lists,Issue Tracking,Create new item,Comments,1454926724000,,,TCO365SP354 Title,,,,,,,,,Active,(2) Normal,,TCO365SP329 Title,TCO365SP354 Max characters - 1111111111111111111111111111111111111111111111111111111111111112222222222222222222222222222222222222222222222222222222222222222222222222222222233333333333333333333333333333333333333333333333333333334444444444444444444444444444,,,,,,,,,,,,,,,,,,,Issue,,Created,Maximum characters
TCO365SP355,Lists,Issue Tracking,Edit item,Comments,1454927076000,,,TCO365SP355 Title Updated,,,TCO365SP355 Description Updated,,,,,,Active,(2) Normal,,TCO365SP329 Title,TCO365SP355 Comments Updated,,,,,,,,,,,,,,,,,,,Issue,,Updated,Edit an Issue
TCO365SP357,Lists,Links,Create new item,All fields,1455008672000,,,,,,TCO365SP357 Description,,,,,,,,,,,,,https://www.google.co.in,TCO365SP357 Notes,,,,,,,,,,,,,,,Links,,Created,Create new link
TCO365SP358,Lists,Links,Create new item,Mandatory fields,1455009293000,,,,,,TCO365SP358 Description,,,,,,,,,,,,,https://www.google.co.in,,,,,,,,,,,,,,,,Links,,Created,Create new link with mandatory fields
TCO365SP359,Lists,Links,Create new item,Description,1455009437000,,,,,,TCO365SP359 इंग्रजी भाषेत काही मूल्य,,,,,,,,,,,,,https://www.google.co.in,,,,,,,,,,,,,,,,Links,,Created,Multibyte characters
TCO365SP360,Lists,Links,Create new item,Description,1455009589000,,,,,,TCO365SP360 !@#$%^&*()-+=<>?&:;/\,,,,,,,,,,,,,https://www.google.co.in,,,,,,,,,,,,,,,,Links,,Created,Special characters
TCO365SP361,Lists,Links,Create new item,Description,1455009693000,,,,,,TCO365SP361 Alphanumeric1234567890,,,,,,,,,,,,,https://www.google.co.in,,,,,,,,,,,,,,,,Links,,Created,Alpha numeric
TCO365SP363,Lists,Links,Create new item,Description,1455009928000,,,,,,TCO365SP363 Max characters - 1111111111111111111111111111111111111111111111111111111111111112222222222222222222222222222222222222222222222222222222222222222222222222222222233333333333333333333333333333333333333333333333333333334444444444444444444444444444,,,,,,,,,,,,,https://www.google.co.in,,,,,,,,,,,,,,,,Links,,Created,Maximum characters
TCO365SP364,Lists,Links,Create new item,Notes,1455010232000,,,,,,TCO365SP364 Description,,,,,,,,,,,,,https://www.google.co.in,TCO365SP364 इंग्रजी भाषेत काही मूल्य,,,,,,,,,,,,,,,Links,,Created,Multibyte characters in Notes
TCO365SP365,Lists,Links,Create new item,Notes,1455010384000,,,,,,TCO365SP365 Description,,,,,,,,,,,,,https://www.google.co.in,TCO365SP365 !@#$%^&*()-+=<>?&:;/\,,,,,,,,,,,,,,,Links,,Created,Special characters in Notes
TCO365SP366,Lists,Links,Create new item,Notes,1455010510000,,,,,,TCO365SP366 Description,,,,,,,,,,,,,https://www.google.co.in,TCO365SP366 Alphanumeric1234567890,,,,,,,,,,,,,,,Links,,Created,Alpha numeric in Notes
TCO365SP368,Lists,Links,Create new item,Notes,1455010714000,,,,,,TCO365SP368 Description,,,,,,,,,,,,,https://www.google.co.in,TCO365SP368 Max characters - 1111111111111111111111111111111111111111111111111111111111111112222222222222222222222222222222222222222222222222222222222222222222222222222222233333333333333333333333333333333333333333333333333333334444444444444444444444444444,,,,,,,,,,,,,,,Links,,Created,Maximum characters in Notes
TCO365SP369,Lists,Links,Edit,All fields,1455011056000,,,,,,TCO365SP369 Description Updated,,,,,,,,,,,,,https://www.facebook.com,TCO365SP369 Notes Updated,,,,,,,,,,,,,,,Links,,Updated,Create new link
TCO365SP371,Lists,Survey,Create new Survey,All fields,1455172623000,,TCO365SP371 Survey Name,,,,,,,,,,,,,,,,,,,,,,,,,,,,,,,,,Survey,,Created,Create Survey with all fields
TCO365SP375,Lists,Survey,Create new Survey,Name,1455173403000,,TCO365SP375 Survey इंग्रजी भाषेत काही मूल्य,,,,,,,,,,,,,,,,,,,,,,,,,,,,,,,,,Survey,,Created,Multibyte characters
TCO365SP376,Lists,Survey,Create new Survey,Name,1455173657000,,TCO365SP376 Survey !@#$%^&*()-+=<>?&:;/\,,,,,,,,,,,,,,,,,,,,,,,,,,,,,,,,,Survey,,Created,Create Survey with Special characters
TCO365SP377,Lists,Survey,Create new Survey,Name,1455173788000,,TCO365SP377 Survey Alphanumeric1234567890,,,,,,,,,,,,,,,,,,,,,,,,,,,,,,,,,Survey,,Created,Create Survey with Alpha numeric
TCO365SP379,Lists,Survey,Create new Survey,Name,1455173999000,,TCO365SP379 Survey Max Cha - 1111111111111111111111111111111111111111111111111111111111111112222222222222222222222222222222222222222222222222222222222222222222222222222222233333333333333333333333333333333333333333333333333333334444444444444444444444444444,,,,,,,,,,,,,,,,,,,,,,,,,,,,,,,,,Survey,,Created,Create Survey with Maximum characters
TCO365SP380,Lists,Survey,Create new item,QuestionType,1463569307000,,Survey,,,,,,,,,,,,,,,,,,,,TCO365SP380 Question,Choice,Yes,Yes,Enter Choice #1 Apple,Enter Choice #2 Google,Enter Choice #3 Microsoft,Radio Buttons,Yes,Enter Choice #1 Apple,,,,Survey,,Updated,Create Question with all fields
TCO365SP381,Lists,Survey,Create new item,QuestionType,1463569308000,,TCO365SP381 Survey,,,,,,,,,,,,,,,,,,,,TCO365SP381 Question,Single line of text,No,No,,,,,,,,,,Survey,,Updated,Question Type: Single line of text
TCO365SP382,Lists,Survey,Create new item,QuestionType,1463569308000,,TCO365SP382 Survey,,,,,,,,,,,,,,,,,,,,TCO365SP382 Question,Multi line of text,No,,,,,,,,,,,Survey,,Updated,Question Type: Multi line of text
TCO365SP383,Lists,Survey,Create new item,QuestionType,1463569308000,,TCO365SP383 Survey,,,,,,,,,,,,,,,,,,,,TCO365SP383 Question,Rating Scale,No,,Sub-Question #1,Sub-Question #2,Sub-Question #3,,,,,,,Survey,,Updated,Question Type: Rating Scale
TCO365SP384,Lists,Survey,Create new item,QuestionType,1463569308000,,TCO365SP384 Survey,,,,,,,,,,,,,,,,,,,,TCO365SP384 Question,Number,No,No,,,,,,,,,,Survey,,Updated,Question Type: Number
TCO365SP385,Lists,Survey,Create new item,QuestionType,1463569308000,,TCO365SP385 Survey,,,,,,,,,,,,,,,,,,,,TCO365SP385 Question,Currency,No,No,-1500,1500,,,,,,,,Survey,,Updated,Question Type: Currency
TCO365SP386,Lists,Survey,Create new item,QuestionType,1463569309000,,TCO365SP386 Survey,,,,,,,,,,,,,,,,,,,,TCO365SP386 Question,Date and Time,No,No,,,,,,,,,,Survey,,Updated,Question Type: Date and Time
TCO365SP387,Lists,Survey,Create new item,QuestionType,1463569309000,,TCO365SP387 Survey,,,,,,,,,,,,,,,,,,,,TCO365SP387 Question,Lookup,No,No,Title,Expires,,,,,,,,Survey,,Updated,Question Type: Lookup
TCO365SP388,Lists,Survey,Create new item,QuestionType,1463569309000,,TCO365SP388 Survey,,,,,,,,,,,,,,,,,,,,TCO365SP388 Question,Yes\No,,,,,,,,Yes,,,,Survey,,Updated,Question Type: Yes\No
TCO365SP389,Lists,Survey,Create new item,QuestionType,1463569309000,,TCO365SP389 Survey,,,,,,,,,,,,,,,,,,,,TCO365SP389 Question,Person or Group,,,,,,,,,,,,Survey,,Updated,Question Type: Person or Group
TCO365SP390,Lists,Survey,Create new item,QuestionType,1463569309000,,TCO365SP390 Survey,,,,,,,,,,,,,,,,,,,,TCO365SP390 Question,Page Separator,,,,,,,,,,,,Survey,,Updated,Question Type: Page Separator
TCO365SP394,Lists,Survey,Edit item,Question,1463569309000,,TCO365SP394 Survey,,,,,,,,,,,,,,,,,,,,TCO365SP394 Question Updated,Single line of text,,,,,,,,Default Text Updated,,,,Survey,,Updated,Edit Question
TCO365SP396,Lists,Survey,Create new item,RespondToSurvey,1455187890000,,TCO365SP396 Survey,,,,,,,,,,,,,,,,,,,,TCO365SP396 Question,Multi line of text,Yes,,,,,,,,TCO365SP396 इंग्रजी भाषेत काही मूल्य,,,Survey,,Created,Multibyte characters 
TCO365SP397,Lists,Survey,Create new item,RespondToSurvey,1455189307000,,TCO365SP397 Survey,,,,,,,,,,,,,,,,,,,,TCO365SP397 Question,Multi line of text,Yes,,,,,,,,TCO365SP397 !@#$%^&*()-+=<>?&:;/\,,,Survey,,Created,Special characters 
TCO365SP398,Lists,Survey,Create new item,RespondToSurvey,1455189662000,,TCO365SP398 Survey,,,,,,,,,,,,,,,,,,,,TCO365SP398 Question,Multi line of text,Yes,,,,,,,,TCO365SP398 Alphanumeric1234567890,,,Survey,,Created,Alpha numeric
TCO365SP399,Lists,Survey,Create new item,RespondToSurvey,1455189871000,,TCO365SP399 Survey,,,,,,,,,,,,,,,,,,,,TCO365SP399 Question,Multi line of text,Yes,,,,,,,,TCO365SP399 Max characters - 1111111111111111111111111111111111111111111111111111111111111112222222222222222222222222222222222222222222222222222222222222222222222222222222233333333333333333333333333333333333333333333333333333334444444444444444444444444444,,,Survey,,Created,Maximum characters 
TCO365SP403,Lists,Survey,Create new item,RespondToSurvey,1455190384000,,TCO365SP403 Survey,,,,,,,,,,,,,,,,,,,,TCO365SP403 Question,Multi line of text,Yes,,,,,,,,TCO365SP403 https://www.google.co.in,,,Survey,,Created,Add a Link in the Responce
TCO365SP415,Lists,Tasks,Create new item,All fields,1455089284000,,TCO365SP415 Name,,,,,,,,,TestUsers_Contribute,,,,,,2/12/2016,2/15/2016,,,,,,,,,,,,,,,,,Tasks,,Created,Create new item
TCO365SP416,Lists,Tasks,Create new item,Mandatory,1455093268000,,TCO365SP416 Name,,,,,,,,,,,,,,,,,,,,,,,,,,,,,,,,,Tasks,,Created,Create new item with mandatory fields
TCO365SP417,Lists,Tasks,Create new item,Title,1455093491000,,TCO365SP417 इंग्रजी भाषेत काही मूल्य,,,,,,,,,,,,,,,,,,,,,,,,,,,,,,,,,Tasks,,Created,Mandatory fields
TCO365SP418,Lists,Tasks,Create new item,Title,1455093665000,,TCO365SP418 !@#$%^&*()-+=<>?&:;/\,,,,,,,,,,,,,,,,,,,,,,,,,,,,,,,,,Tasks,,Created,Special characters
TCO365SP419,Lists,Tasks,Create new item,Title,1455093862000,,TCO365SP419 Alphanumeric1234567890,,,,,,,,,,,,,,,,,,,,,,,,,,,,,,,,,Tasks,,Created,Alpha numeric
TCO365SP420,Lists,Tasks,Create new item,Title,1455093978000,,TCO365SP420 Max characters - 1111111111111111111111111111111111111111111111111111111111111112222222222222222222222222222222222222222222222222222222222222222222222222222222233333333333333333333333333333333333333333333333333333334444444444444444444444444444,,,,,,,,,,,,,,,,,,,,,,,,,,,,,,,,,Tasks,,Created,Maximum characters
TCO365SP421,Lists,Tasks,Create new item,FileType,1455094132000,,TCO365SP421 Name,,,,,,,,,,,,,,,,,,,,,,,,,,,,,,,Desert.jpg,,Tasks,,Created,Upload File More than 32Kb
TCO365SP422,Lists,Tasks,Create new item,FileType,1455094636000,,TCO365SP422 Name,,,,,,,,,,,,,,,,,,,,,,,,,,,,,,,thor.jpg,,Tasks,,Created,Upload File Less than 32Kb
TCO365SP423,Lists,Tasks,Create new item,Description,1455094992000,,TCO365SP423 Name,,,,TCO365SP423 इंग्रजी भाषेत काही मूल्य,,,,,,,(2) Normal,,,,,,,,,,,,,,,,,,,,,,Tasks,,Created,Multibyte characters
TCO365SP424,Lists,Tasks,Create new item,Description,1455095364000,,TCO365SP424 Name,,,,TCO365SP424 !@#$%^&*()-+=<>?&:;/\,,,,,TestUsers_Contribute,In Progress,(2) Normal,,TCO365SP415 Name,,2/10/2016,2/15/2016,,,50 %,,,,,,,,,,,,,,Tasks,,Created,Multibyte characters
TCO365SP425,Lists,Tasks,Create new item,Description,1455096525000,,TCO365SP425 Name,,,,TCO365SP425 Alphanumeric1234567890,,,,,,Not Started,(2) Normal,,,,,,,,,,,,,,,,,,,,,,Tasks,,Created,Alpha numeric
TCO365SP426,Lists,Tasks,Create new item,Description,1455096809000,,TCO365SP426 Name,,,,TCO365SP426 Max characters - 1111111111111111111111111111111111111111111111111111111111111112222222222222222222222222222222222222222222222222222222222222222222222222222222233333333333333333333333333333333333333333333333333333334444444444444444444444444444,,,,,,Not Started,(2) Normal,,,,,,,,,,,,,,,,,,,,,,Tasks,,Created,Maximum characters
TCO365SP427,Lists,Tasks,Create new item,FileType,1455097092000,1455097099000,TCO365SP427 Name,,,,TCO365SP427 Description,,,,,,Not Started,(2) Normal,,,,,,,,,,,,,,,,,,,,Desert.jpg,File - All Other,Tasks,,Created,Upload File More than 32Kb
TCO365SP428,Lists,Tasks,Create new item,FileType,1455097330000,1455097333000,TCO365SP428 Name,,,,TCO365SP428 Description,,,,,,Not Started,(2) Normal,,,,,,,,,,,,,,,,,,,,thor.jpg,File - All Other,Tasks,,Created,Upload File Less than 32Kb
TCO365SP429,Lists,Tasks,Create new item,Description,1455103250000,,TCO365SP429 Name,,,,TCO365SP429 Description https://www.google.co.in,,,,,,Not Started,(2) Normal,,,,,,,,,,,,,,,,,,,,,,Tasks,,Created,Add a link to the Description
TCO365SP437,Lists,Tasks,Edit item,All fields,1455104567000,,TCO365SP437 Name Updated,,,,TCO365SP437 Description Updated,,,,,TestUsers_Contribute,In Progress,(1) High,,TCO365SP415 Name,,2/12/2016,2/15/2016,,,50 %,,,,,,,,,,,,,,Tasks,,Updated,Edit item